a_format,b_format,a_nibble,b_nibble,k,a_scale,b_scale,accumulator_initial,cpu_expected,gpu_observed,absolute_error,pass_fail,blocking_reason
e2m1,e2m1,0x0,0x0,64,1.0,1.0,0.0,+0,,,NOT_RUN,SM120 GPU unavailable
e2m1,e2m1,0x0,0x1,64,1.0,1.0,0.0,+0,,,NOT_RUN,SM120 GPU unavailable
e2m1,e2m1,0x0,0x2,64,1.0,1.0,0.0,+0,,,NOT_RUN,SM120 GPU unavailable
e2m1,e2m1,0x0,0x3,64,1.0,1.0,0.0,+0,,,NOT_RUN,SM120 GPU unavailable
e2m1,e2m1,0x0,0x4,64,1.0,1.0,0.0,+0,,,NOT_RUN,SM120 GPU unavailable
e2m1,e2m1,0x0,0x5,64,1.0,1.0,0.0,+0,,,NOT_RUN,SM120 GPU unavailable
e2m1,e2m1,0x0,0x6,64,1.0,1.0,0.0,+0,,,NOT_RUN,SM120 GPU unavailable
e2m1,e2m1,0x0,0x7,64,1.0,1.0,0.0,+0,,,NOT_RUN,SM120 GPU unavailable
e2m1,e2m1,0x0,0x8,64,1.0,1.0,0.0,+0,,,NOT_RUN,SM120 GPU unavailable
e2m1,e2m1,0x0,0x9,64,1.0,1.0,0.0,+0,,,NOT_RUN,SM120 GPU unavailable
e2m1,e2m1,0x0,0xa,64,1.0,1.0,0.0,+0,,,NOT_RUN,SM120 GPU unavailable
e2m1,e2m1,0x0,0xb,64,1.0,1.0,0.0,+0,,,NOT_RUN,SM120 GPU unavailable
e2m1,e2m1,0x0,0xc,64,1.0,1.0,0.0,+0,,,NOT_RUN,SM120 GPU unavailable
e2m1,e2m1,0x0,0xd,64,1.0,1.0,0.0,+0,,,NOT_RUN,SM120 GPU unavailable
e2m1,e2m1,0x0,0xe,64,1.0,1.0,0.0,+0,,,NOT_RUN,SM120 GPU unavailable
e2m1,e2m1,0x0,0xf,64,1.0,1.0,0.0,+0,,,NOT_RUN,SM120 GPU unavailable
e2m1,e2m1,0x1,0x0,64,1.0,1.0,0.0,+0,,,NOT_RUN,SM120 GPU unavailable
e2m1,e2m1,0x1,0x1,64,1.0,1.0,0.0,16,,,NOT_RUN,SM120 GPU unavailable
e2m1,e2m1,0x1,0x2,64,1.0,1.0,0.0,32,,,NOT_RUN,SM120 GPU unavailable
e2m1,e2m1,0x1,0x3,64,1.0,1.0,0.0,48,,,NOT_RUN,SM120 GPU unavailable
e2m1,e2m1,0x1,0x4,64,1.0,1.0,0.0,64,,,NOT_RUN,SM120 GPU unavailable
e2m1,e2m1,0x1,0x5,64,1.0,1.0,0.0,96,,,NOT_RUN,SM120 GPU unavailable
e2m1,e2m1,0x1,0x6,64,1.0,1.0,0.0,128,,,NOT_RUN,SM120 GPU unavailable
e2m1,e2m1,0x1,0x7,64,1.0,1.0,0.0,192,,,NOT_RUN,SM120 GPU unavailable
e2m1,e2m1,0x1,0x8,64,1.0,1.0,0.0,+0,,,NOT_RUN,SM120 GPU unavailable
e2m1,e2m1,0x1,0x9,64,1.0,1.0,0.0,-16,,,NOT_RUN,SM120 GPU unavailable
e2m1,e2m1,0x1,0xa,64,1.0,1.0,0.0,-32,,,NOT_RUN,SM120 GPU unavailable
e2m1,e2m1,0x1,0xb,64,1.0,1.0,0.0,-48,,,NOT_RUN,SM120 GPU unavailable
e2m1,e2m1,0x1,0xc,64,1.0,1.0,0.0,-64,,,NOT_RUN,SM120 GPU unavailable
e2m1,e2m1,0x1,0xd,64,1.0,1.0,0.0,-96,,,NOT_RUN,SM120 GPU unavailable
e2m1,e2m1,0x1,0xe,64,1.0,1.0,0.0,-128,,,NOT_RUN,SM120 GPU unavailable
e2m1,e2m1,0x1,0xf,64,1.0,1.0,0.0,-192,,,NOT_RUN,SM120 GPU unavailable
e2m1,e2m1,0x2,0x0,64,1.0,1.0,0.0,+0,,,NOT_RUN,SM120 GPU unavailable
e2m1,e2m1,0x2,0x1,64,1.0,1.0,0.0,32,,,NOT_RUN,SM120 GPU unavailable
e2m1,e2m1,0x2,0x2,64,1.0,1.0,0.0,64,,,NOT_RUN,SM120 GPU unavailable
e2m1,e2m1,0x2,0x3,64,1.0,1.0,0.0,96,,,NOT_RUN,SM120 GPU unavailable
e2m1,e2m1,0x2,0x4,64,1.0,1.0,0.0,128,,,NOT_RUN,SM120 GPU unavailable
e2m1,e2m1,0x2,0x5,64,1.0,1.0,0.0,192,,,NOT_RUN,SM120 GPU unavailable
e2m1,e2m1,0x2,0x6,64,1.0,1.0,0.0,256,,,NOT_RUN,SM120 GPU unavailable
e2m1,e2m1,0x2,0x7,64,1.0,1.0,0.0,384,,,NOT_RUN,SM120 GPU unavailable
e2m1,e2m1,0x2,0x8,64,1.0,1.0,0.0,+0,,,NOT_RUN,SM120 GPU unavailable
e2m1,e2m1,0x2,0x9,64,1.0,1.0,0.0,-32,,,NOT_RUN,SM120 GPU unavailable
e2m1,e2m1,0x2,0xa,64,1.0,1.0,0.0,-64,,,NOT_RUN,SM120 GPU unavailable
e2m1,e2m1,0x2,0xb,64,1.0,1.0,0.0,-96,,,NOT_RUN,SM120 GPU unavailable
e2m1,e2m1,0x2,0xc,64,1.0,1.0,0.0,-128,,,NOT_RUN,SM120 GPU unavailable
e2m1,e2m1,0x2,0xd,64,1.0,1.0,0.0,-192,,,NOT_RUN,SM120 GPU unavailable
e2m1,e2m1,0x2,0xe,64,1.0,1.0,0.0,-256,,,NOT_RUN,SM120 GPU unavailable
e2m1,e2m1,0x2,0xf,64,1.0,1.0,0.0,-384,,,NOT_RUN,SM120 GPU unavailable
e2m1,e2m1,0x3,0x0,64,1.0,1.0,0.0,+0,,,NOT_RUN,SM120 GPU unavailable
e2m1,e2m1,0x3,0x1,64,1.0,1.0,0.0,48,,,NOT_RUN,SM120 GPU unavailable
e2m1,e2m1,0x3,0x2,64,1.0,1.0,0.0,96,,,NOT_RUN,SM120 GPU unavailable
e2m1,e2m1,0x3,0x3,64,1.0,1.0,0.0,144,,,NOT_RUN,SM120 GPU unavailable
e2m1,e2m1,0x3,0x4,64,1.0,1.0,0.0,192,,,NOT_RUN,SM120 GPU unavailable
e2m1,e2m1,0x3,0x5,64,1.0,1.0,0.0,288,,,NOT_RUN,SM120 GPU unavailable
e2m1,e2m1,0x3,0x6,64,1.0,1.0,0.0,384,,,NOT_RUN,SM120 GPU unavailable
e2m1,e2m1,0x3,0x7,64,1.0,1.0,0.0,576,,,NOT_RUN,SM120 GPU unavailable
e2m1,e2m1,0x3,0x8,64,1.0,1.0,0.0,+0,,,NOT_RUN,SM120 GPU unavailable
e2m1,e2m1,0x3,0x9,64,1.0,1.0,0.0,-48,,,NOT_RUN,SM120 GPU unavailable
e2m1,e2m1,0x3,0xa,64,1.0,1.0,0.0,-96,,,NOT_RUN,SM120 GPU unavailable
e2m1,e2m1,0x3,0xb,64,1.0,1.0,0.0,-144,,,NOT_RUN,SM120 GPU unavailable
e2m1,e2m1,0x3,0xc,64,1.0,1.0,0.0,-192,,,NOT_RUN,SM120 GPU unavailable
e2m1,e2m1,0x3,0xd,64,1.0,1.0,0.0,-288,,,NOT_RUN,SM120 GPU unavailable
e2m1,e2m1,0x3,0xe,64,1.0,1.0,0.0,-384,,,NOT_RUN,SM120 GPU unavailable
e2m1,e2m1,0x3,0xf,64,1.0,1.0,0.0,-576,,,NOT_RUN,SM120 GPU unavailable
e2m1,e2m1,0x4,0x0,64,1.0,1.0,0.0,+0,,,NOT_RUN,SM120 GPU unavailable
e2m1,e2m1,0x4,0x1,64,1.0,1.0,0.0,64,,,NOT_RUN,SM120 GPU unavailable
e2m1,e2m1,0x4,0x2,64,1.0,1.0,0.0,128,,,NOT_RUN,SM120 GPU unavailable
e2m1,e2m1,0x4,0x3,64,1.0,1.0,0.0,192,,,NOT_RUN,SM120 GPU unavailable
e2m1,e2m1,0x4,0x4,64,1.0,1.0,0.0,256,,,NOT_RUN,SM120 GPU unavailable
e2m1,e2m1,0x4,0x5,64,1.0,1.0,0.0,384,,,NOT_RUN,SM120 GPU unavailable
e2m1,e2m1,0x4,0x6,64,1.0,1.0,0.0,512,,,NOT_RUN,SM120 GPU unavailable
e2m1,e2m1,0x4,0x7,64,1.0,1.0,0.0,768,,,NOT_RUN,SM120 GPU unavailable
e2m1,e2m1,0x4,0x8,64,1.0,1.0,0.0,+0,,,NOT_RUN,SM120 GPU unavailable
e2m1,e2m1,0x4,0x9,64,1.0,1.0,0.0,-64,,,NOT_RUN,SM120 GPU unavailable
e2m1,e2m1,0x4,0xa,64,1.0,1.0,0.0,-128,,,NOT_RUN,SM120 GPU unavailable
e2m1,e2m1,0x4,0xb,64,1.0,1.0,0.0,-192,,,NOT_RUN,SM120 GPU unavailable
e2m1,e2m1,0x4,0xc,64,1.0,1.0,0.0,-256,,,NOT_RUN,SM120 GPU unavailable
e2m1,e2m1,0x4,0xd,64,1.0,1.0,0.0,-384,,,NOT_RUN,SM120 GPU unavailable
e2m1,e2m1,0x4,0xe,64,1.0,1.0,0.0,-512,,,NOT_RUN,SM120 GPU unavailable
e2m1,e2m1,0x4,0xf,64,1.0,1.0,0.0,-768,,,NOT_RUN,SM120 GPU unavailable
e2m1,e2m1,0x5,0x0,64,1.0,1.0,0.0,+0,,,NOT_RUN,SM120 GPU unavailable
e2m1,e2m1,0x5,0x1,64,1.0,1.0,0.0,96,,,NOT_RUN,SM120 GPU unavailable
e2m1,e2m1,0x5,0x2,64,1.0,1.0,0.0,192,,,NOT_RUN,SM120 GPU unavailable
e2m1,e2m1,0x5,0x3,64,1.0,1.0,0.0,288,,,NOT_RUN,SM120 GPU unavailable
e2m1,e2m1,0x5,0x4,64,1.0,1.0,0.0,384,,,NOT_RUN,SM120 GPU unavailable
e2m1,e2m1,0x5,0x5,64,1.0,1.0,0.0,576,,,NOT_RUN,SM120 GPU unavailable
e2m1,e2m1,0x5,0x6,64,1.0,1.0,0.0,768,,,NOT_RUN,SM120 GPU unavailable
e2m1,e2m1,0x5,0x7,64,1.0,1.0,0.0,1152,,,NOT_RUN,SM120 GPU unavailable
e2m1,e2m1,0x5,0x8,64,1.0,1.0,0.0,+0,,,NOT_RUN,SM120 GPU unavailable
e2m1,e2m1,0x5,0x9,64,1.0,1.0,0.0,-96,,,NOT_RUN,SM120 GPU unavailable
e2m1,e2m1,0x5,0xa,64,1.0,1.0,0.0,-192,,,NOT_RUN,SM120 GPU unavailable
e2m1,e2m1,0x5,0xb,64,1.0,1.0,0.0,-288,,,NOT_RUN,SM120 GPU unavailable
e2m1,e2m1,0x5,0xc,64,1.0,1.0,0.0,-384,,,NOT_RUN,SM120 GPU unavailable
e2m1,e2m1,0x5,0xd,64,1.0,1.0,0.0,-576,,,NOT_RUN,SM120 GPU unavailable
e2m1,e2m1,0x5,0xe,64,1.0,1.0,0.0,-768,,,NOT_RUN,SM120 GPU unavailable
e2m1,e2m1,0x5,0xf,64,1.0,1.0,0.0,-1152,,,NOT_RUN,SM120 GPU unavailable
e2m1,e2m1,0x6,0x0,64,1.0,1.0,0.0,+0,,,NOT_RUN,SM120 GPU unavailable
e2m1,e2m1,0x6,0x1,64,1.0,1.0,0.0,128,,,NOT_RUN,SM120 GPU unavailable
e2m1,e2m1,0x6,0x2,64,1.0,1.0,0.0,256,,,NOT_RUN,SM120 GPU unavailable
e2m1,e2m1,0x6,0x3,64,1.0,1.0,0.0,384,,,NOT_RUN,SM120 GPU unavailable
e2m1,e2m1,0x6,0x4,64,1.0,1.0,0.0,512,,,NOT_RUN,SM120 GPU unavailable
e2m1,e2m1,0x6,0x5,64,1.0,1.0,0.0,768,,,NOT_RUN,SM120 GPU unavailable
e2m1,e2m1,0x6,0x6,64,1.0,1.0,0.0,1024,,,NOT_RUN,SM120 GPU unavailable
e2m1,e2m1,0x6,0x7,64,1.0,1.0,0.0,1536,,,NOT_RUN,SM120 GPU unavailable
e2m1,e2m1,0x6,0x8,64,1.0,1.0,0.0,+0,,,NOT_RUN,SM120 GPU unavailable
e2m1,e2m1,0x6,0x9,64,1.0,1.0,0.0,-128,,,NOT_RUN,SM120 GPU unavailable
e2m1,e2m1,0x6,0xa,64,1.0,1.0,0.0,-256,,,NOT_RUN,SM120 GPU unavailable
e2m1,e2m1,0x6,0xb,64,1.0,1.0,0.0,-384,,,NOT_RUN,SM120 GPU unavailable
e2m1,e2m1,0x6,0xc,64,1.0,1.0,0.0,-512,,,NOT_RUN,SM120 GPU unavailable
e2m1,e2m1,0x6,0xd,64,1.0,1.0,0.0,-768,,,NOT_RUN,SM120 GPU unavailable
e2m1,e2m1,0x6,0xe,64,1.0,1.0,0.0,-1024,,,NOT_RUN,SM120 GPU unavailable
e2m1,e2m1,0x6,0xf,64,1.0,1.0,0.0,-1536,,,NOT_RUN,SM120 GPU unavailable
e2m1,e2m1,0x7,0x0,64,1.0,1.0,0.0,+0,,,NOT_RUN,SM120 GPU unavailable
e2m1,e2m1,0x7,0x1,64,1.0,1.0,0.0,192,,,NOT_RUN,SM120 GPU unavailable
e2m1,e2m1,0x7,0x2,64,1.0,1.0,0.0,384,,,NOT_RUN,SM120 GPU unavailable
e2m1,e2m1,0x7,0x3,64,1.0,1.0,0.0,576,,,NOT_RUN,SM120 GPU unavailable
e2m1,e2m1,0x7,0x4,64,1.0,1.0,0.0,768,,,NOT_RUN,SM120 GPU unavailable
e2m1,e2m1,0x7,0x5,64,1.0,1.0,0.0,1152,,,NOT_RUN,SM120 GPU unavailable
e2m1,e2m1,0x7,0x6,64,1.0,1.0,0.0,1536,,,NOT_RUN,SM120 GPU unavailable
e2m1,e2m1,0x7,0x7,64,1.0,1.0,0.0,2304,,,NOT_RUN,SM120 GPU unavailable
e2m1,e2m1,0x7,0x8,64,1.0,1.0,0.0,+0,,,NOT_RUN,SM120 GPU unavailable
e2m1,e2m1,0x7,0x9,64,1.0,1.0,0.0,-192,,,NOT_RUN,SM120 GPU unavailable
e2m1,e2m1,0x7,0xa,64,1.0,1.0,0.0,-384,,,NOT_RUN,SM120 GPU unavailable
e2m1,e2m1,0x7,0xb,64,1.0,1.0,0.0,-576,,,NOT_RUN,SM120 GPU unavailable
e2m1,e2m1,0x7,0xc,64,1.0,1.0,0.0,-768,,,NOT_RUN,SM120 GPU unavailable
e2m1,e2m1,0x7,0xd,64,1.0,1.0,0.0,-1152,,,NOT_RUN,SM120 GPU unavailable
e2m1,e2m1,0x7,0xe,64,1.0,1.0,0.0,-1536,,,NOT_RUN,SM120 GPU unavailable
e2m1,e2m1,0x7,0xf,64,1.0,1.0,0.0,-2304,,,NOT_RUN,SM120 GPU unavailable
e2m1,e2m1,0x8,0x0,64,1.0,1.0,0.0,+0,,,NOT_RUN,SM120 GPU unavailable
e2m1,e2m1,0x8,0x1,64,1.0,1.0,0.0,+0,,,NOT_RUN,SM120 GPU unavailable
e2m1,e2m1,0x8,0x2,64,1.0,1.0,0.0,+0,,,NOT_RUN,SM120 GPU unavailable
e2m1,e2m1,0x8,0x3,64,1.0,1.0,0.0,+0,,,NOT_RUN,SM120 GPU unavailable
e2m1,e2m1,0x8,0x4,64,1.0,1.0,0.0,+0,,,NOT_RUN,SM120 GPU unavailable
e2m1,e2m1,0x8,0x5,64,1.0,1.0,0.0,+0,,,NOT_RUN,SM120 GPU unavailable
e2m1,e2m1,0x8,0x6,64,1.0,1.0,0.0,+0,,,NOT_RUN,SM120 GPU unavailable
e2m1,e2m1,0x8,0x7,64,1.0,1.0,0.0,+0,,,NOT_RUN,SM120 GPU unavailable
e2m1,e2m1,0x8,0x8,64,1.0,1.0,0.0,+0,,,NOT_RUN,SM120 GPU unavailable
e2m1,e2m1,0x8,0x9,64,1.0,1.0,0.0,+0,,,NOT_RUN,SM120 GPU unavailable
e2m1,e2m1,0x8,0xa,64,1.0,1.0,0.0,+0,,,NOT_RUN,SM120 GPU unavailable
e2m1,e2m1,0x8,0xb,64,1.0,1.0,0.0,+0,,,NOT_RUN,SM120 GPU unavailable
e2m1,e2m1,0x8,0xc,64,1.0,1.0,0.0,+0,,,NOT_RUN,SM120 GPU unavailable
e2m1,e2m1,0x8,0xd,64,1.0,1.0,0.0,+0,,,NOT_RUN,SM120 GPU unavailable
e2m1,e2m1,0x8,0xe,64,1.0,1.0,0.0,+0,,,NOT_RUN,SM120 GPU unavailable
e2m1,e2m1,0x8,0xf,64,1.0,1.0,0.0,+0,,,NOT_RUN,SM120 GPU unavailable
e2m1,e2m1,0x9,0x0,64,1.0,1.0,0.0,+0,,,NOT_RUN,SM120 GPU unavailable
e2m1,e2m1,0x9,0x1,64,1.0,1.0,0.0,-16,,,NOT_RUN,SM120 GPU unavailable
e2m1,e2m1,0x9,0x2,64,1.0,1.0,0.0,-32,,,NOT_RUN,SM120 GPU unavailable
e2m1,e2m1,0x9,0x3,64,1.0,1.0,0.0,-48,,,NOT_RUN,SM120 GPU unavailable
e2m1,e2m1,0x9,0x4,64,1.0,1.0,0.0,-64,,,NOT_RUN,SM120 GPU unavailable
e2m1,e2m1,0x9,0x5,64,1.0,1.0,0.0,-96,,,NOT_RUN,SM120 GPU unavailable
e2m1,e2m1,0x9,0x6,64,1.0,1.0,0.0,-128,,,NOT_RUN,SM120 GPU unavailable
e2m1,e2m1,0x9,0x7,64,1.0,1.0,0.0,-192,,,NOT_RUN,SM120 GPU unavailable
e2m1,e2m1,0x9,0x8,64,1.0,1.0,0.0,+0,,,NOT_RUN,SM120 GPU unavailable
e2m1,e2m1,0x9,0x9,64,1.0,1.0,0.0,16,,,NOT_RUN,SM120 GPU unavailable
e2m1,e2m1,0x9,0xa,64,1.0,1.0,0.0,32,,,NOT_RUN,SM120 GPU unavailable
e2m1,e2m1,0x9,0xb,64,1.0,1.0,0.0,48,,,NOT_RUN,SM120 GPU unavailable
e2m1,e2m1,0x9,0xc,64,1.0,1.0,0.0,64,,,NOT_RUN,SM120 GPU unavailable
e2m1,e2m1,0x9,0xd,64,1.0,1.0,0.0,96,,,NOT_RUN,SM120 GPU unavailable
e2m1,e2m1,0x9,0xe,64,1.0,1.0,0.0,128,,,NOT_RUN,SM120 GPU unavailable
e2m1,e2m1,0x9,0xf,64,1.0,1.0,0.0,192,,,NOT_RUN,SM120 GPU unavailable
e2m1,e2m1,0xa,0x0,64,1.0,1.0,0.0,+0,,,NOT_RUN,SM120 GPU unavailable
e2m1,e2m1,0xa,0x1,64,1.0,1.0,0.0,-32,,,NOT_RUN,SM120 GPU unavailable
e2m1,e2m1,0xa,0x2,64,1.0,1.0,0.0,-64,,,NOT_RUN,SM120 GPU unavailable
e2m1,e2m1,0xa,0x3,64,1.0,1.0,0.0,-96,,,NOT_RUN,SM120 GPU unavailable
e2m1,e2m1,0xa,0x4,64,1.0,1.0,0.0,-128,,,NOT_RUN,SM120 GPU unavailable
e2m1,e2m1,0xa,0x5,64,1.0,1.0,0.0,-192,,,NOT_RUN,SM120 GPU unavailable
e2m1,e2m1,0xa,0x6,64,1.0,1.0,0.0,-256,,,NOT_RUN,SM120 GPU unavailable
e2m1,e2m1,0xa,0x7,64,1.0,1.0,0.0,-384,,,NOT_RUN,SM120 GPU unavailable
e2m1,e2m1,0xa,0x8,64,1.0,1.0,0.0,+0,,,NOT_RUN,SM120 GPU unavailable
e2m1,e2m1,0xa,0x9,64,1.0,1.0,0.0,32,,,NOT_RUN,SM120 GPU unavailable
e2m1,e2m1,0xa,0xa,64,1.0,1.0,0.0,64,,,NOT_RUN,SM120 GPU unavailable
e2m1,e2m1,0xa,0xb,64,1.0,1.0,0.0,96,,,NOT_RUN,SM120 GPU unavailable
e2m1,e2m1,0xa,0xc,64,1.0,1.0,0.0,128,,,NOT_RUN,SM120 GPU unavailable
e2m1,e2m1,0xa,0xd,64,1.0,1.0,0.0,192,,,NOT_RUN,SM120 GPU unavailable
e2m1,e2m1,0xa,0xe,64,1.0,1.0,0.0,256,,,NOT_RUN,SM120 GPU unavailable
e2m1,e2m1,0xa,0xf,64,1.0,1.0,0.0,384,,,NOT_RUN,SM120 GPU unavailable
e2m1,e2m1,0xb,0x0,64,1.0,1.0,0.0,+0,,,NOT_RUN,SM120 GPU unavailable
e2m1,e2m1,0xb,0x1,64,1.0,1.0,0.0,-48,,,NOT_RUN,SM120 GPU unavailable
e2m1,e2m1,0xb,0x2,64,1.0,1.0,0.0,-96,,,NOT_RUN,SM120 GPU unavailable
e2m1,e2m1,0xb,0x3,64,1.0,1.0,0.0,-144,,,NOT_RUN,SM120 GPU unavailable
e2m1,e2m1,0xb,0x4,64,1.0,1.0,0.0,-192,,,NOT_RUN,SM120 GPU unavailable
e2m1,e2m1,0xb,0x5,64,1.0,1.0,0.0,-288,,,NOT_RUN,SM120 GPU unavailable
e2m1,e2m1,0xb,0x6,64,1.0,1.0,0.0,-384,,,NOT_RUN,SM120 GPU unavailable
e2m1,e2m1,0xb,0x7,64,1.0,1.0,0.0,-576,,,NOT_RUN,SM120 GPU unavailable
e2m1,e2m1,0xb,0x8,64,1.0,1.0,0.0,+0,,,NOT_RUN,SM120 GPU unavailable
e2m1,e2m1,0xb,0x9,64,1.0,1.0,0.0,48,,,NOT_RUN,SM120 GPU unavailable
e2m1,e2m1,0xb,0xa,64,1.0,1.0,0.0,96,,,NOT_RUN,SM120 GPU unavailable
e2m1,e2m1,0xb,0xb,64,1.0,1.0,0.0,144,,,NOT_RUN,SM120 GPU unavailable
e2m1,e2m1,0xb,0xc,64,1.0,1.0,0.0,192,,,NOT_RUN,SM120 GPU unavailable
e2m1,e2m1,0xb,0xd,64,1.0,1.0,0.0,288,,,NOT_RUN,SM120 GPU unavailable
e2m1,e2m1,0xb,0xe,64,1.0,1.0,0.0,384,,,NOT_RUN,SM120 GPU unavailable
e2m1,e2m1,0xb,0xf,64,1.0,1.0,0.0,576,,,NOT_RUN,SM120 GPU unavailable
e2m1,e2m1,0xc,0x0,64,1.0,1.0,0.0,+0,,,NOT_RUN,SM120 GPU unavailable
e2m1,e2m1,0xc,0x1,64,1.0,1.0,0.0,-64,,,NOT_RUN,SM120 GPU unavailable
e2m1,e2m1,0xc,0x2,64,1.0,1.0,0.0,-128,,,NOT_RUN,SM120 GPU unavailable
e2m1,e2m1,0xc,0x3,64,1.0,1.0,0.0,-192,,,NOT_RUN,SM120 GPU unavailable
e2m1,e2m1,0xc,0x4,64,1.0,1.0,0.0,-256,,,NOT_RUN,SM120 GPU unavailable
e2m1,e2m1,0xc,0x5,64,1.0,1.0,0.0,-384,,,NOT_RUN,SM120 GPU unavailable
e2m1,e2m1,0xc,0x6,64,1.0,1.0,0.0,-512,,,NOT_RUN,SM120 GPU unavailable
e2m1,e2m1,0xc,0x7,64,1.0,1.0,0.0,-768,,,NOT_RUN,SM120 GPU unavailable
e2m1,e2m1,0xc,0x8,64,1.0,1.0,0.0,+0,,,NOT_RUN,SM120 GPU unavailable
e2m1,e2m1,0xc,0x9,64,1.0,1.0,0.0,64,,,NOT_RUN,SM120 GPU unavailable
e2m1,e2m1,0xc,0xa,64,1.0,1.0,0.0,128,,,NOT_RUN,SM120 GPU unavailable
e2m1,e2m1,0xc,0xb,64,1.0,1.0,0.0,192,,,NOT_RUN,SM120 GPU unavailable
e2m1,e2m1,0xc,0xc,64,1.0,1.0,0.0,256,,,NOT_RUN,SM120 GPU unavailable
e2m1,e2m1,0xc,0xd,64,1.0,1.0,0.0,384,,,NOT_RUN,SM120 GPU unavailable
e2m1,e2m1,0xc,0xe,64,1.0,1.0,0.0,512,,,NOT_RUN,SM120 GPU unavailable
e2m1,e2m1,0xc,0xf,64,1.0,1.0,0.0,768,,,NOT_RUN,SM120 GPU unavailable
e2m1,e2m1,0xd,0x0,64,1.0,1.0,0.0,+0,,,NOT_RUN,SM120 GPU unavailable
e2m1,e2m1,0xd,0x1,64,1.0,1.0,0.0,-96,,,NOT_RUN,SM120 GPU unavailable
e2m1,e2m1,0xd,0x2,64,1.0,1.0,0.0,-192,,,NOT_RUN,SM120 GPU unavailable
e2m1,e2m1,0xd,0x3,64,1.0,1.0,0.0,-288,,,NOT_RUN,SM120 GPU unavailable
e2m1,e2m1,0xd,0x4,64,1.0,1.0,0.0,-384,,,NOT_RUN,SM120 GPU unavailable
e2m1,e2m1,0xd,0x5,64,1.0,1.0,0.0,-576,,,NOT_RUN,SM120 GPU unavailable
e2m1,e2m1,0xd,0x6,64,1.0,1.0,0.0,-768,,,NOT_RUN,SM120 GPU unavailable
e2m1,e2m1,0xd,0x7,64,1.0,1.0,0.0,-1152,,,NOT_RUN,SM120 GPU unavailable
e2m1,e2m1,0xd,0x8,64,1.0,1.0,0.0,+0,,,NOT_RUN,SM120 GPU unavailable
e2m1,e2m1,0xd,0x9,64,1.0,1.0,0.0,96,,,NOT_RUN,SM120 GPU unavailable
e2m1,e2m1,0xd,0xa,64,1.0,1.0,0.0,192,,,NOT_RUN,SM120 GPU unavailable
e2m1,e2m1,0xd,0xb,64,1.0,1.0,0.0,288,,,NOT_RUN,SM120 GPU unavailable
e2m1,e2m1,0xd,0xc,64,1.0,1.0,0.0,384,,,NOT_RUN,SM120 GPU unavailable
e2m1,e2m1,0xd,0xd,64,1.0,1.0,0.0,576,,,NOT_RUN,SM120 GPU unavailable
e2m1,e2m1,0xd,0xe,64,1.0,1.0,0.0,768,,,NOT_RUN,SM120 GPU unavailable
e2m1,e2m1,0xd,0xf,64,1.0,1.0,0.0,1152,,,NOT_RUN,SM120 GPU unavailable
e2m1,e2m1,0xe,0x0,64,1.0,1.0,0.0,+0,,,NOT_RUN,SM120 GPU unavailable
e2m1,e2m1,0xe,0x1,64,1.0,1.0,0.0,-128,,,NOT_RUN,SM120 GPU unavailable
e2m1,e2m1,0xe,0x2,64,1.0,1.0,0.0,-256,,,NOT_RUN,SM120 GPU unavailable
e2m1,e2m1,0xe,0x3,64,1.0,1.0,0.0,-384,,,NOT_RUN,SM120 GPU unavailable
e2m1,e2m1,0xe,0x4,64,1.0,1.0,0.0,-512,,,NOT_RUN,SM120 GPU unavailable
e2m1,e2m1,0xe,0x5,64,1.0,1.0,0.0,-768,,,NOT_RUN,SM120 GPU unavailable
e2m1,e2m1,0xe,0x6,64,1.0,1.0,0.0,-1024,,,NOT_RUN,SM120 GPU unavailable
e2m1,e2m1,0xe,0x7,64,1.0,1.0,0.0,-1536,,,NOT_RUN,SM120 GPU unavailable
e2m1,e2m1,0xe,0x8,64,1.0,1.0,0.0,+0,,,NOT_RUN,SM120 GPU unavailable
e2m1,e2m1,0xe,0x9,64,1.0,1.0,0.0,128,,,NOT_RUN,SM120 GPU unavailable
e2m1,e2m1,0xe,0xa,64,1.0,1.0,0.0,256,,,NOT_RUN,SM120 GPU unavailable
e2m1,e2m1,0xe,0xb,64,1.0,1.0,0.0,384,,,NOT_RUN,SM120 GPU unavailable
e2m1,e2m1,0xe,0xc,64,1.0,1.0,0.0,512,,,NOT_RUN,SM120 GPU unavailable
e2m1,e2m1,0xe,0xd,64,1.0,1.0,0.0,768,,,NOT_RUN,SM120 GPU unavailable
e2m1,e2m1,0xe,0xe,64,1.0,1.0,0.0,1024,,,NOT_RUN,SM120 GPU unavailable
e2m1,e2m1,0xe,0xf,64,1.0,1.0,0.0,1536,,,NOT_RUN,SM120 GPU unavailable
e2m1,e2m1,0xf,0x0,64,1.0,1.0,0.0,+0,,,NOT_RUN,SM120 GPU unavailable
e2m1,e2m1,0xf,0x1,64,1.0,1.0,0.0,-192,,,NOT_RUN,SM120 GPU unavailable
e2m1,e2m1,0xf,0x2,64,1.0,1.0,0.0,-384,,,NOT_RUN,SM120 GPU unavailable
e2m1,e2m1,0xf,0x3,64,1.0,1.0,0.0,-576,,,NOT_RUN,SM120 GPU unavailable
e2m1,e2m1,0xf,0x4,64,1.0,1.0,0.0,-768,,,NOT_RUN,SM120 GPU unavailable
e2m1,e2m1,0xf,0x5,64,1.0,1.0,0.0,-1152,,,NOT_RUN,SM120 GPU unavailable
e2m1,e2m1,0xf,0x6,64,1.0,1.0,0.0,-1536,,,NOT_RUN,SM120 GPU unavailable
e2m1,e2m1,0xf,0x7,64,1.0,1.0,0.0,-2304,,,NOT_RUN,SM120 GPU unavailable
e2m1,e2m1,0xf,0x8,64,1.0,1.0,0.0,+0,,,NOT_RUN,SM120 GPU unavailable
e2m1,e2m1,0xf,0x9,64,1.0,1.0,0.0,192,,,NOT_RUN,SM120 GPU unavailable
e2m1,e2m1,0xf,0xa,64,1.0,1.0,0.0,384,,,NOT_RUN,SM120 GPU unavailable
e2m1,e2m1,0xf,0xb,64,1.0,1.0,0.0,576,,,NOT_RUN,SM120 GPU unavailable
e2m1,e2m1,0xf,0xc,64,1.0,1.0,0.0,768,,,NOT_RUN,SM120 GPU unavailable
e2m1,e2m1,0xf,0xd,64,1.0,1.0,0.0,1152,,,NOT_RUN,SM120 GPU unavailable
e2m1,e2m1,0xf,0xe,64,1.0,1.0,0.0,1536,,,NOT_RUN,SM120 GPU unavailable
e2m1,e2m1,0xf,0xf,64,1.0,1.0,0.0,2304,,,NOT_RUN,SM120 GPU unavailable
e0m3_candidate,e2m1,0x0,0x0,64,1.0,1.0,0.0,+0,,,NOT_RUN,SM120 GPU unavailable
e0m3_candidate,e2m1,0x0,0x1,64,1.0,1.0,0.0,+0,,,NOT_RUN,SM120 GPU unavailable
e0m3_candidate,e2m1,0x0,0x2,64,1.0,1.0,0.0,+0,,,NOT_RUN,SM120 GPU unavailable
e0m3_candidate,e2m1,0x0,0x3,64,1.0,1.0,0.0,+0,,,NOT_RUN,SM120 GPU unavailable
e0m3_candidate,e2m1,0x0,0x4,64,1.0,1.0,0.0,+0,,,NOT_RUN,SM120 GPU unavailable
e0m3_candidate,e2m1,0x0,0x5,64,1.0,1.0,0.0,+0,,,NOT_RUN,SM120 GPU unavailable
e0m3_candidate,e2m1,0x0,0x6,64,1.0,1.0,0.0,+0,,,NOT_RUN,SM120 GPU unavailable
e0m3_candidate,e2m1,0x0,0x7,64,1.0,1.0,0.0,+0,,,NOT_RUN,SM120 GPU unavailable
e0m3_candidate,e2m1,0x0,0x8,64,1.0,1.0,0.0,+0,,,NOT_RUN,SM120 GPU unavailable
e0m3_candidate,e2m1,0x0,0x9,64,1.0,1.0,0.0,+0,,,NOT_RUN,SM120 GPU unavailable
e0m3_candidate,e2m1,0x0,0xa,64,1.0,1.0,0.0,+0,,,NOT_RUN,SM120 GPU unavailable
e0m3_candidate,e2m1,0x0,0xb,64,1.0,1.0,0.0,+0,,,NOT_RUN,SM120 GPU unavailable
e0m3_candidate,e2m1,0x0,0xc,64,1.0,1.0,0.0,+0,,,NOT_RUN,SM120 GPU unavailable
e0m3_candidate,e2m1,0x0,0xd,64,1.0,1.0,0.0,+0,,,NOT_RUN,SM120 GPU unavailable
e0m3_candidate,e2m1,0x0,0xe,64,1.0,1.0,0.0,+0,,,NOT_RUN,SM120 GPU unavailable
e0m3_candidate,e2m1,0x0,0xf,64,1.0,1.0,0.0,+0,,,NOT_RUN,SM120 GPU unavailable
e0m3_candidate,e2m1,0x1,0x0,64,1.0,1.0,0.0,+0,,,NOT_RUN,SM120 GPU unavailable
e0m3_candidate,e2m1,0x1,0x1,64,1.0,1.0,0.0,32,,,NOT_RUN,SM120 GPU unavailable
e0m3_candidate,e2m1,0x1,0x2,64,1.0,1.0,0.0,64,,,NOT_RUN,SM120 GPU unavailable
e0m3_candidate,e2m1,0x1,0x3,64,1.0,1.0,0.0,96,,,NOT_RUN,SM120 GPU unavailable
e0m3_candidate,e2m1,0x1,0x4,64,1.0,1.0,0.0,128,,,NOT_RUN,SM120 GPU unavailable
e0m3_candidate,e2m1,0x1,0x5,64,1.0,1.0,0.0,192,,,NOT_RUN,SM120 GPU unavailable
e0m3_candidate,e2m1,0x1,0x6,64,1.0,1.0,0.0,256,,,NOT_RUN,SM120 GPU unavailable
e0m3_candidate,e2m1,0x1,0x7,64,1.0,1.0,0.0,384,,,NOT_RUN,SM120 GPU unavailable
e0m3_candidate,e2m1,0x1,0x8,64,1.0,1.0,0.0,+0,,,NOT_RUN,SM120 GPU unavailable
e0m3_candidate,e2m1,0x1,0x9,64,1.0,1.0,0.0,-32,,,NOT_RUN,SM120 GPU unavailable
e0m3_candidate,e2m1,0x1,0xa,64,1.0,1.0,0.0,-64,,,NOT_RUN,SM120 GPU unavailable
e0m3_candidate,e2m1,0x1,0xb,64,1.0,1.0,0.0,-96,,,NOT_RUN,SM120 GPU unavailable
e0m3_candidate,e2m1,0x1,0xc,64,1.0,1.0,0.0,-128,,,NOT_RUN,SM120 GPU unavailable
e0m3_candidate,e2m1,0x1,0xd,64,1.0,1.0,0.0,-192,,,NOT_RUN,SM120 GPU unavailable
e0m3_candidate,e2m1,0x1,0xe,64,1.0,1.0,0.0,-256,,,NOT_RUN,SM120 GPU unavailable
e0m3_candidate,e2m1,0x1,0xf,64,1.0,1.0,0.0,-384,,,NOT_RUN,SM120 GPU unavailable
e0m3_candidate,e2m1,0x2,0x0,64,1.0,1.0,0.0,+0,,,NOT_RUN,SM120 GPU unavailable
e0m3_candidate,e2m1,0x2,0x1,64,1.0,1.0,0.0,64,,,NOT_RUN,SM120 GPU unavailable
e0m3_candidate,e2m1,0x2,0x2,64,1.0,1.0,0.0,128,,,NOT_RUN,SM120 GPU unavailable
e0m3_candidate,e2m1,0x2,0x3,64,1.0,1.0,0.0,192,,,NOT_RUN,SM120 GPU unavailable
e0m3_candidate,e2m1,0x2,0x4,64,1.0,1.0,0.0,256,,,NOT_RUN,SM120 GPU unavailable
e0m3_candidate,e2m1,0x2,0x5,64,1.0,1.0,0.0,384,,,NOT_RUN,SM120 GPU unavailable
e0m3_candidate,e2m1,0x2,0x6,64,1.0,1.0,0.0,512,,,NOT_RUN,SM120 GPU unavailable
e0m3_candidate,e2m1,0x2,0x7,64,1.0,1.0,0.0,768,,,NOT_RUN,SM120 GPU unavailable
e0m3_candidate,e2m1,0x2,0x8,64,1.0,1.0,0.0,+0,,,NOT_RUN,SM120 GPU unavailable
e0m3_candidate,e2m1,0x2,0x9,64,1.0,1.0,0.0,-64,,,NOT_RUN,SM120 GPU unavailable
e0m3_candidate,e2m1,0x2,0xa,64,1.0,1.0,0.0,-128,,,NOT_RUN,SM120 GPU unavailable
e0m3_candidate,e2m1,0x2,0xb,64,1.0,1.0,0.0,-192,,,NOT_RUN,SM120 GPU unavailable
e0m3_candidate,e2m1,0x2,0xc,64,1.0,1.0,0.0,-256,,,NOT_RUN,SM120 GPU unavailable
e0m3_candidate,e2m1,0x2,0xd,64,1.0,1.0,0.0,-384,,,NOT_RUN,SM120 GPU unavailable
e0m3_candidate,e2m1,0x2,0xe,64,1.0,1.0,0.0,-512,,,NOT_RUN,SM120 GPU unavailable
e0m3_candidate,e2m1,0x2,0xf,64,1.0,1.0,0.0,-768,,,NOT_RUN,SM120 GPU unavailable
e0m3_candidate,e2m1,0x3,0x0,64,1.0,1.0,0.0,+0,,,NOT_RUN,SM120 GPU unavailable
e0m3_candidate,e2m1,0x3,0x1,64,1.0,1.0,0.0,96,,,NOT_RUN,SM120 GPU unavailable
e0m3_candidate,e2m1,0x3,0x2,64,1.0,1.0,0.0,192,,,NOT_RUN,SM120 GPU unavailable
e0m3_candidate,e2m1,0x3,0x3,64,1.0,1.0,0.0,288,,,NOT_RUN,SM120 GPU unavailable
e0m3_candidate,e2m1,0x3,0x4,64,1.0,1.0,0.0,384,,,NOT_RUN,SM120 GPU unavailable
e0m3_candidate,e2m1,0x3,0x5,64,1.0,1.0,0.0,576,,,NOT_RUN,SM120 GPU unavailable
e0m3_candidate,e2m1,0x3,0x6,64,1.0,1.0,0.0,768,,,NOT_RUN,SM120 GPU unavailable
e0m3_candidate,e2m1,0x3,0x7,64,1.0,1.0,0.0,1152,,,NOT_RUN,SM120 GPU unavailable
e0m3_candidate,e2m1,0x3,0x8,64,1.0,1.0,0.0,+0,,,NOT_RUN,SM120 GPU unavailable
e0m3_candidate,e2m1,0x3,0x9,64,1.0,1.0,0.0,-96,,,NOT_RUN,SM120 GPU unavailable
e0m3_candidate,e2m1,0x3,0xa,64,1.0,1.0,0.0,-192,,,NOT_RUN,SM120 GPU unavailable
e0m3_candidate,e2m1,0x3,0xb,64,1.0,1.0,0.0,-288,,,NOT_RUN,SM120 GPU unavailable
e0m3_candidate,e2m1,0x3,0xc,64,1.0,1.0,0.0,-384,,,NOT_RUN,SM120 GPU unavailable
e0m3_candidate,e2m1,0x3,0xd,64,1.0,1.0,0.0,-576,,,NOT_RUN,SM120 GPU unavailable
e0m3_candidate,e2m1,0x3,0xe,64,1.0,1.0,0.0,-768,,,NOT_RUN,SM120 GPU unavailable
e0m3_candidate,e2m1,0x3,0xf,64,1.0,1.0,0.0,-1152,,,NOT_RUN,SM120 GPU unavailable
e0m3_candidate,e2m1,0x4,0x0,64,1.0,1.0,0.0,+0,,,NOT_RUN,SM120 GPU unavailable
e0m3_candidate,e2m1,0x4,0x1,64,1.0,1.0,0.0,128,,,NOT_RUN,SM120 GPU unavailable
e0m3_candidate,e2m1,0x4,0x2,64,1.0,1.0,0.0,256,,,NOT_RUN,SM120 GPU unavailable
e0m3_candidate,e2m1,0x4,0x3,64,1.0,1.0,0.0,384,,,NOT_RUN,SM120 GPU unavailable
e0m3_candidate,e2m1,0x4,0x4,64,1.0,1.0,0.0,512,,,NOT_RUN,SM120 GPU unavailable
e0m3_candidate,e2m1,0x4,0x5,64,1.0,1.0,0.0,768,,,NOT_RUN,SM120 GPU unavailable
e0m3_candidate,e2m1,0x4,0x6,64,1.0,1.0,0.0,1024,,,NOT_RUN,SM120 GPU unavailable
e0m3_candidate,e2m1,0x4,0x7,64,1.0,1.0,0.0,1536,,,NOT_RUN,SM120 GPU unavailable
e0m3_candidate,e2m1,0x4,0x8,64,1.0,1.0,0.0,+0,,,NOT_RUN,SM120 GPU unavailable
e0m3_candidate,e2m1,0x4,0x9,64,1.0,1.0,0.0,-128,,,NOT_RUN,SM120 GPU unavailable
e0m3_candidate,e2m1,0x4,0xa,64,1.0,1.0,0.0,-256,,,NOT_RUN,SM120 GPU unavailable
e0m3_candidate,e2m1,0x4,0xb,64,1.0,1.0,0.0,-384,,,NOT_RUN,SM120 GPU unavailable
e0m3_candidate,e2m1,0x4,0xc,64,1.0,1.0,0.0,-512,,,NOT_RUN,SM120 GPU unavailable
e0m3_candidate,e2m1,0x4,0xd,64,1.0,1.0,0.0,-768,,,NOT_RUN,SM120 GPU unavailable
e0m3_candidate,e2m1,0x4,0xe,64,1.0,1.0,0.0,-1024,,,NOT_RUN,SM120 GPU unavailable
e0m3_candidate,e2m1,0x4,0xf,64,1.0,1.0,0.0,-1536,,,NOT_RUN,SM120 GPU unavailable
e0m3_candidate,e2m1,0x5,0x0,64,1.0,1.0,0.0,+0,,,NOT_RUN,SM120 GPU unavailable
e0m3_candidate,e2m1,0x5,0x1,64,1.0,1.0,0.0,160,,,NOT_RUN,SM120 GPU unavailable
e0m3_candidate,e2m1,0x5,0x2,64,1.0,1.0,0.0,320,,,NOT_RUN,SM120 GPU unavailable
e0m3_candidate,e2m1,0x5,0x3,64,1.0,1.0,0.0,480,,,NOT_RUN,SM120 GPU unavailable
e0m3_candidate,e2m1,0x5,0x4,64,1.0,1.0,0.0,640,,,NOT_RUN,SM120 GPU unavailable
e0m3_candidate,e2m1,0x5,0x5,64,1.0,1.0,0.0,960,,,NOT_RUN,SM120 GPU unavailable
e0m3_candidate,e2m1,0x5,0x6,64,1.0,1.0,0.0,1280,,,NOT_RUN,SM120 GPU unavailable
e0m3_candidate,e2m1,0x5,0x7,64,1.0,1.0,0.0,1920,,,NOT_RUN,SM120 GPU unavailable
e0m3_candidate,e2m1,0x5,0x8,64,1.0,1.0,0.0,+0,,,NOT_RUN,SM120 GPU unavailable
e0m3_candidate,e2m1,0x5,0x9,64,1.0,1.0,0.0,-160,,,NOT_RUN,SM120 GPU unavailable
e0m3_candidate,e2m1,0x5,0xa,64,1.0,1.0,0.0,-320,,,NOT_RUN,SM120 GPU unavailable
e0m3_candidate,e2m1,0x5,0xb,64,1.0,1.0,0.0,-480,,,NOT_RUN,SM120 GPU unavailable
e0m3_candidate,e2m1,0x5,0xc,64,1.0,1.0,0.0,-640,,,NOT_RUN,SM120 GPU unavailable
e0m3_candidate,e2m1,0x5,0xd,64,1.0,1.0,0.0,-960,,,NOT_RUN,SM120 GPU unavailable
e0m3_candidate,e2m1,0x5,0xe,64,1.0,1.0,0.0,-1280,,,NOT_RUN,SM120 GPU unavailable
e0m3_candidate,e2m1,0x5,0xf,64,1.0,1.0,0.0,-1920,,,NOT_RUN,SM120 GPU unavailable
e0m3_candidate,e2m1,0x6,0x0,64,1.0,1.0,0.0,+0,,,NOT_RUN,SM120 GPU unavailable
e0m3_candidate,e2m1,0x6,0x1,64,1.0,1.0,0.0,192,,,NOT_RUN,SM120 GPU unavailable
e0m3_candidate,e2m1,0x6,0x2,64,1.0,1.0,0.0,384,,,NOT_RUN,SM120 GPU unavailable
e0m3_candidate,e2m1,0x6,0x3,64,1.0,1.0,0.0,576,,,NOT_RUN,SM120 GPU unavailable
e0m3_candidate,e2m1,0x6,0x4,64,1.0,1.0,0.0,768,,,NOT_RUN,SM120 GPU unavailable
e0m3_candidate,e2m1,0x6,0x5,64,1.0,1.0,0.0,1152,,,NOT_RUN,SM120 GPU unavailable
e0m3_candidate,e2m1,0x6,0x6,64,1.0,1.0,0.0,1536,,,NOT_RUN,SM120 GPU unavailable
e0m3_candidate,e2m1,0x6,0x7,64,1.0,1.0,0.0,2304,,,NOT_RUN,SM120 GPU unavailable
e0m3_candidate,e2m1,0x6,0x8,64,1.0,1.0,0.0,+0,,,NOT_RUN,SM120 GPU unavailable
e0m3_candidate,e2m1,0x6,0x9,64,1.0,1.0,0.0,-192,,,NOT_RUN,SM120 GPU unavailable
e0m3_candidate,e2m1,0x6,0xa,64,1.0,1.0,0.0,-384,,,NOT_RUN,SM120 GPU unavailable
e0m3_candidate,e2m1,0x6,0xb,64,1.0,1.0,0.0,-576,,,NOT_RUN,SM120 GPU unavailable
e0m3_candidate,e2m1,0x6,0xc,64,1.0,1.0,0.0,-768,,,NOT_RUN,SM120 GPU unavailable
e0m3_candidate,e2m1,0x6,0xd,64,1.0,1.0,0.0,-1152,,,NOT_RUN,SM120 GPU unavailable
e0m3_candidate,e2m1,0x6,0xe,64,1.0,1.0,0.0,-1536,,,NOT_RUN,SM120 GPU unavailable
e0m3_candidate,e2m1,0x6,0xf,64,1.0,1.0,0.0,-2304,,,NOT_RUN,SM120 GPU unavailable
e0m3_candidate,e2m1,0x7,0x0,64,1.0,1.0,0.0,+0,,,NOT_RUN,SM120 GPU unavailable
e0m3_candidate,e2m1,0x7,0x1,64,1.0,1.0,0.0,224,,,NOT_RUN,SM120 GPU unavailable
e0m3_candidate,e2m1,0x7,0x2,64,1.0,1.0,0.0,448,,,NOT_RUN,SM120 GPU unavailable
e0m3_candidate,e2m1,0x7,0x3,64,1.0,1.0,0.0,672,,,NOT_RUN,SM120 GPU unavailable
e0m3_candidate,e2m1,0x7,0x4,64,1.0,1.0,0.0,896,,,NOT_RUN,SM120 GPU unavailable
e0m3_candidate,e2m1,0x7,0x5,64,1.0,1.0,0.0,1344,,,NOT_RUN,SM120 GPU unavailable
e0m3_candidate,e2m1,0x7,0x6,64,1.0,1.0,0.0,1792,,,NOT_RUN,SM120 GPU unavailable
e0m3_candidate,e2m1,0x7,0x7,64,1.0,1.0,0.0,2688,,,NOT_RUN,SM120 GPU unavailable
e0m3_candidate,e2m1,0x7,0x8,64,1.0,1.0,0.0,+0,,,NOT_RUN,SM120 GPU unavailable
e0m3_candidate,e2m1,0x7,0x9,64,1.0,1.0,0.0,-224,,,NOT_RUN,SM120 GPU unavailable
e0m3_candidate,e2m1,0x7,0xa,64,1.0,1.0,0.0,-448,,,NOT_RUN,SM120 GPU unavailable
e0m3_candidate,e2m1,0x7,0xb,64,1.0,1.0,0.0,-672,,,NOT_RUN,SM120 GPU unavailable
e0m3_candidate,e2m1,0x7,0xc,64,1.0,1.0,0.0,-896,,,NOT_RUN,SM120 GPU unavailable
e0m3_candidate,e2m1,0x7,0xd,64,1.0,1.0,0.0,-1344,,,NOT_RUN,SM120 GPU unavailable
e0m3_candidate,e2m1,0x7,0xe,64,1.0,1.0,0.0,-1792,,,NOT_RUN,SM120 GPU unavailable
e0m3_candidate,e2m1,0x7,0xf,64,1.0,1.0,0.0,-2688,,,NOT_RUN,SM120 GPU unavailable
e0m3_candidate,e2m1,0x8,0x0,64,1.0,1.0,0.0,+0,,,NOT_RUN,SM120 GPU unavailable
e0m3_candidate,e2m1,0x8,0x1,64,1.0,1.0,0.0,+0,,,NOT_RUN,SM120 GPU unavailable
e0m3_candidate,e2m1,0x8,0x2,64,1.0,1.0,0.0,+0,,,NOT_RUN,SM120 GPU unavailable
e0m3_candidate,e2m1,0x8,0x3,64,1.0,1.0,0.0,+0,,,NOT_RUN,SM120 GPU unavailable
e0m3_candidate,e2m1,0x8,0x4,64,1.0,1.0,0.0,+0,,,NOT_RUN,SM120 GPU unavailable
e0m3_candidate,e2m1,0x8,0x5,64,1.0,1.0,0.0,+0,,,NOT_RUN,SM120 GPU unavailable
e0m3_candidate,e2m1,0x8,0x6,64,1.0,1.0,0.0,+0,,,NOT_RUN,SM120 GPU unavailable
e0m3_candidate,e2m1,0x8,0x7,64,1.0,1.0,0.0,+0,,,NOT_RUN,SM120 GPU unavailable
e0m3_candidate,e2m1,0x8,0x8,64,1.0,1.0,0.0,+0,,,NOT_RUN,SM120 GPU unavailable
e0m3_candidate,e2m1,0x8,0x9,64,1.0,1.0,0.0,+0,,,NOT_RUN,SM120 GPU unavailable
e0m3_candidate,e2m1,0x8,0xa,64,1.0,1.0,0.0,+0,,,NOT_RUN,SM120 GPU unavailable
e0m3_candidate,e2m1,0x8,0xb,64,1.0,1.0,0.0,+0,,,NOT_RUN,SM120 GPU unavailable
e0m3_candidate,e2m1,0x8,0xc,64,1.0,1.0,0.0,+0,,,NOT_RUN,SM120 GPU unavailable
e0m3_candidate,e2m1,0x8,0xd,64,1.0,1.0,0.0,+0,,,NOT_RUN,SM120 GPU unavailable
e0m3_candidate,e2m1,0x8,0xe,64,1.0,1.0,0.0,+0,,,NOT_RUN,SM120 GPU unavailable
e0m3_candidate,e2m1,0x8,0xf,64,1.0,1.0,0.0,+0,,,NOT_RUN,SM120 GPU unavailable
e0m3_candidate,e2m1,0x9,0x0,64,1.0,1.0,0.0,+0,,,NOT_RUN,SM120 GPU unavailable
e0m3_candidate,e2m1,0x9,0x1,64,1.0,1.0,0.0,-32,,,NOT_RUN,SM120 GPU unavailable
e0m3_candidate,e2m1,0x9,0x2,64,1.0,1.0,0.0,-64,,,NOT_RUN,SM120 GPU unavailable
e0m3_candidate,e2m1,0x9,0x3,64,1.0,1.0,0.0,-96,,,NOT_RUN,SM120 GPU unavailable
e0m3_candidate,e2m1,0x9,0x4,64,1.0,1.0,0.0,-128,,,NOT_RUN,SM120 GPU unavailable
e0m3_candidate,e2m1,0x9,0x5,64,1.0,1.0,0.0,-192,,,NOT_RUN,SM120 GPU unavailable
e0m3_candidate,e2m1,0x9,0x6,64,1.0,1.0,0.0,-256,,,NOT_RUN,SM120 GPU unavailable
e0m3_candidate,e2m1,0x9,0x7,64,1.0,1.0,0.0,-384,,,NOT_RUN,SM120 GPU unavailable
e0m3_candidate,e2m1,0x9,0x8,64,1.0,1.0,0.0,+0,,,NOT_RUN,SM120 GPU unavailable
e0m3_candidate,e2m1,0x9,0x9,64,1.0,1.0,0.0,32,,,NOT_RUN,SM120 GPU unavailable
e0m3_candidate,e2m1,0x9,0xa,64,1.0,1.0,0.0,64,,,NOT_RUN,SM120 GPU unavailable
e0m3_candidate,e2m1,0x9,0xb,64,1.0,1.0,0.0,96,,,NOT_RUN,SM120 GPU unavailable
e0m3_candidate,e2m1,0x9,0xc,64,1.0,1.0,0.0,128,,,NOT_RUN,SM120 GPU unavailable
e0m3_candidate,e2m1,0x9,0xd,64,1.0,1.0,0.0,192,,,NOT_RUN,SM120 GPU unavailable
e0m3_candidate,e2m1,0x9,0xe,64,1.0,1.0,0.0,256,,,NOT_RUN,SM120 GPU unavailable
e0m3_candidate,e2m1,0x9,0xf,64,1.0,1.0,0.0,384,,,NOT_RUN,SM120 GPU unavailable
e0m3_candidate,e2m1,0xa,0x0,64,1.0,1.0,0.0,+0,,,NOT_RUN,SM120 GPU unavailable
e0m3_candidate,e2m1,0xa,0x1,64,1.0,1.0,0.0,-64,,,NOT_RUN,SM120 GPU unavailable
e0m3_candidate,e2m1,0xa,0x2,64,1.0,1.0,0.0,-128,,,NOT_RUN,SM120 GPU unavailable
e0m3_candidate,e2m1,0xa,0x3,64,1.0,1.0,0.0,-192,,,NOT_RUN,SM120 GPU unavailable
e0m3_candidate,e2m1,0xa,0x4,64,1.0,1.0,0.0,-256,,,NOT_RUN,SM120 GPU unavailable
e0m3_candidate,e2m1,0xa,0x5,64,1.0,1.0,0.0,-384,,,NOT_RUN,SM120 GPU unavailable
e0m3_candidate,e2m1,0xa,0x6,64,1.0,1.0,0.0,-512,,,NOT_RUN,SM120 GPU unavailable
e0m3_candidate,e2m1,0xa,0x7,64,1.0,1.0,0.0,-768,,,NOT_RUN,SM120 GPU unavailable
e0m3_candidate,e2m1,0xa,0x8,64,1.0,1.0,0.0,+0,,,NOT_RUN,SM120 GPU unavailable
e0m3_candidate,e2m1,0xa,0x9,64,1.0,1.0,0.0,64,,,NOT_RUN,SM120 GPU unavailable
e0m3_candidate,e2m1,0xa,0xa,64,1.0,1.0,0.0,128,,,NOT_RUN,SM120 GPU unavailable
e0m3_candidate,e2m1,0xa,0xb,64,1.0,1.0,0.0,192,,,NOT_RUN,SM120 GPU unavailable
e0m3_candidate,e2m1,0xa,0xc,64,1.0,1.0,0.0,256,,,NOT_RUN,SM120 GPU unavailable
e0m3_candidate,e2m1,0xa,0xd,64,1.0,1.0,0.0,384,,,NOT_RUN,SM120 GPU unavailable
e0m3_candidate,e2m1,0xa,0xe,64,1.0,1.0,0.0,512,,,NOT_RUN,SM120 GPU unavailable
e0m3_candidate,e2m1,0xa,0xf,64,1.0,1.0,0.0,768,,,NOT_RUN,SM120 GPU unavailable
e0m3_candidate,e2m1,0xb,0x0,64,1.0,1.0,0.0,+0,,,NOT_RUN,SM120 GPU unavailable
e0m3_candidate,e2m1,0xb,0x1,64,1.0,1.0,0.0,-96,,,NOT_RUN,SM120 GPU unavailable
e0m3_candidate,e2m1,0xb,0x2,64,1.0,1.0,0.0,-192,,,NOT_RUN,SM120 GPU unavailable
e0m3_candidate,e2m1,0xb,0x3,64,1.0,1.0,0.0,-288,,,NOT_RUN,SM120 GPU unavailable
e0m3_candidate,e2m1,0xb,0x4,64,1.0,1.0,0.0,-384,,,NOT_RUN,SM120 GPU unavailable
e0m3_candidate,e2m1,0xb,0x5,64,1.0,1.0,0.0,-576,,,NOT_RUN,SM120 GPU unavailable
e0m3_candidate,e2m1,0xb,0x6,64,1.0,1.0,0.0,-768,,,NOT_RUN,SM120 GPU unavailable
e0m3_candidate,e2m1,0xb,0x7,64,1.0,1.0,0.0,-1152,,,NOT_RUN,SM120 GPU unavailable
e0m3_candidate,e2m1,0xb,0x8,64,1.0,1.0,0.0,+0,,,NOT_RUN,SM120 GPU unavailable
e0m3_candidate,e2m1,0xb,0x9,64,1.0,1.0,0.0,96,,,NOT_RUN,SM120 GPU unavailable
e0m3_candidate,e2m1,0xb,0xa,64,1.0,1.0,0.0,192,,,NOT_RUN,SM120 GPU unavailable
e0m3_candidate,e2m1,0xb,0xb,64,1.0,1.0,0.0,288,,,NOT_RUN,SM120 GPU unavailable
e0m3_candidate,e2m1,0xb,0xc,64,1.0,1.0,0.0,384,,,NOT_RUN,SM120 GPU unavailable
e0m3_candidate,e2m1,0xb,0xd,64,1.0,1.0,0.0,576,,,NOT_RUN,SM120 GPU unavailable
e0m3_candidate,e2m1,0xb,0xe,64,1.0,1.0,0.0,768,,,NOT_RUN,SM120 GPU unavailable
e0m3_candidate,e2m1,0xb,0xf,64,1.0,1.0,0.0,1152,,,NOT_RUN,SM120 GPU unavailable
e0m3_candidate,e2m1,0xc,0x0,64,1.0,1.0,0.0,+0,,,NOT_RUN,SM120 GPU unavailable
e0m3_candidate,e2m1,0xc,0x1,64,1.0,1.0,0.0,-128,,,NOT_RUN,SM120 GPU unavailable
e0m3_candidate,e2m1,0xc,0x2,64,1.0,1.0,0.0,-256,,,NOT_RUN,SM120 GPU unavailable
e0m3_candidate,e2m1,0xc,0x3,64,1.0,1.0,0.0,-384,,,NOT_RUN,SM120 GPU unavailable
e0m3_candidate,e2m1,0xc,0x4,64,1.0,1.0,0.0,-512,,,NOT_RUN,SM120 GPU unavailable
e0m3_candidate,e2m1,0xc,0x5,64,1.0,1.0,0.0,-768,,,NOT_RUN,SM120 GPU unavailable
e0m3_candidate,e2m1,0xc,0x6,64,1.0,1.0,0.0,-1024,,,NOT_RUN,SM120 GPU unavailable
e0m3_candidate,e2m1,0xc,0x7,64,1.0,1.0,0.0,-1536,,,NOT_RUN,SM120 GPU unavailable
e0m3_candidate,e2m1,0xc,0x8,64,1.0,1.0,0.0,+0,,,NOT_RUN,SM120 GPU unavailable
e0m3_candidate,e2m1,0xc,0x9,64,1.0,1.0,0.0,128,,,NOT_RUN,SM120 GPU unavailable
e0m3_candidate,e2m1,0xc,0xa,64,1.0,1.0,0.0,256,,,NOT_RUN,SM120 GPU unavailable
e0m3_candidate,e2m1,0xc,0xb,64,1.0,1.0,0.0,384,,,NOT_RUN,SM120 GPU unavailable
e0m3_candidate,e2m1,0xc,0xc,64,1.0,1.0,0.0,512,,,NOT_RUN,SM120 GPU unavailable
e0m3_candidate,e2m1,0xc,0xd,64,1.0,1.0,0.0,768,,,NOT_RUN,SM120 GPU unavailable
e0m3_candidate,e2m1,0xc,0xe,64,1.0,1.0,0.0,1024,,,NOT_RUN,SM120 GPU unavailable
e0m3_candidate,e2m1,0xc,0xf,64,1.0,1.0,0.0,1536,,,NOT_RUN,SM120 GPU unavailable
e0m3_candidate,e2m1,0xd,0x0,64,1.0,1.0,0.0,+0,,,NOT_RUN,SM120 GPU unavailable
e0m3_candidate,e2m1,0xd,0x1,64,1.0,1.0,0.0,-160,,,NOT_RUN,SM120 GPU unavailable
e0m3_candidate,e2m1,0xd,0x2,64,1.0,1.0,0.0,-320,,,NOT_RUN,SM120 GPU unavailable
e0m3_candidate,e2m1,0xd,0x3,64,1.0,1.0,0.0,-480,,,NOT_RUN,SM120 GPU unavailable
e0m3_candidate,e2m1,0xd,0x4,64,1.0,1.0,0.0,-640,,,NOT_RUN,SM120 GPU unavailable
e0m3_candidate,e2m1,0xd,0x5,64,1.0,1.0,0.0,-960,,,NOT_RUN,SM120 GPU unavailable
e0m3_candidate,e2m1,0xd,0x6,64,1.0,1.0,0.0,-1280,,,NOT_RUN,SM120 GPU unavailable
e0m3_candidate,e2m1,0xd,0x7,64,1.0,1.0,0.0,-1920,,,NOT_RUN,SM120 GPU unavailable
e0m3_candidate,e2m1,0xd,0x8,64,1.0,1.0,0.0,+0,,,NOT_RUN,SM120 GPU unavailable
e0m3_candidate,e2m1,0xd,0x9,64,1.0,1.0,0.0,160,,,NOT_RUN,SM120 GPU unavailable
e0m3_candidate,e2m1,0xd,0xa,64,1.0,1.0,0.0,320,,,NOT_RUN,SM120 GPU unavailable
e0m3_candidate,e2m1,0xd,0xb,64,1.0,1.0,0.0,480,,,NOT_RUN,SM120 GPU unavailable
e0m3_candidate,e2m1,0xd,0xc,64,1.0,1.0,0.0,640,,,NOT_RUN,SM120 GPU unavailable
e0m3_candidate,e2m1,0xd,0xd,64,1.0,1.0,0.0,960,,,NOT_RUN,SM120 GPU unavailable
e0m3_candidate,e2m1,0xd,0xe,64,1.0,1.0,0.0,1280,,,NOT_RUN,SM120 GPU unavailable
e0m3_candidate,e2m1,0xd,0xf,64,1.0,1.0,0.0,1920,,,NOT_RUN,SM120 GPU unavailable
e0m3_candidate,e2m1,0xe,0x0,64,1.0,1.0,0.0,+0,,,NOT_RUN,SM120 GPU unavailable
e0m3_candidate,e2m1,0xe,0x1,64,1.0,1.0,0.0,-192,,,NOT_RUN,SM120 GPU unavailable
e0m3_candidate,e2m1,0xe,0x2,64,1.0,1.0,0.0,-384,,,NOT_RUN,SM120 GPU unavailable
e0m3_candidate,e2m1,0xe,0x3,64,1.0,1.0,0.0,-576,,,NOT_RUN,SM120 GPU unavailable
e0m3_candidate,e2m1,0xe,0x4,64,1.0,1.0,0.0,-768,,,NOT_RUN,SM120 GPU unavailable
e0m3_candidate,e2m1,0xe,0x5,64,1.0,1.0,0.0,-1152,,,NOT_RUN,SM120 GPU unavailable
e0m3_candidate,e2m1,0xe,0x6,64,1.0,1.0,0.0,-1536,,,NOT_RUN,SM120 GPU unavailable
e0m3_candidate,e2m1,0xe,0x7,64,1.0,1.0,0.0,-2304,,,NOT_RUN,SM120 GPU unavailable
e0m3_candidate,e2m1,0xe,0x8,64,1.0,1.0,0.0,+0,,,NOT_RUN,SM120 GPU unavailable
e0m3_candidate,e2m1,0xe,0x9,64,1.0,1.0,0.0,192,,,NOT_RUN,SM120 GPU unavailable
e0m3_candidate,e2m1,0xe,0xa,64,1.0,1.0,0.0,384,,,NOT_RUN,SM120 GPU unavailable
e0m3_candidate,e2m1,0xe,0xb,64,1.0,1.0,0.0,576,,,NOT_RUN,SM120 GPU unavailable
e0m3_candidate,e2m1,0xe,0xc,64,1.0,1.0,0.0,768,,,NOT_RUN,SM120 GPU unavailable
e0m3_candidate,e2m1,0xe,0xd,64,1.0,1.0,0.0,1152,,,NOT_RUN,SM120 GPU unavailable
e0m3_candidate,e2m1,0xe,0xe,64,1.0,1.0,0.0,1536,,,NOT_RUN,SM120 GPU unavailable
e0m3_candidate,e2m1,0xe,0xf,64,1.0,1.0,0.0,2304,,,NOT_RUN,SM120 GPU unavailable
e0m3_candidate,e2m1,0xf,0x0,64,1.0,1.0,0.0,+0,,,NOT_RUN,SM120 GPU unavailable
e0m3_candidate,e2m1,0xf,0x1,64,1.0,1.0,0.0,-224,,,NOT_RUN,SM120 GPU unavailable
e0m3_candidate,e2m1,0xf,0x2,64,1.0,1.0,0.0,-448,,,NOT_RUN,SM120 GPU unavailable
e0m3_candidate,e2m1,0xf,0x3,64,1.0,1.0,0.0,-672,,,NOT_RUN,SM120 GPU unavailable
e0m3_candidate,e2m1,0xf,0x4,64,1.0,1.0,0.0,-896,,,NOT_RUN,SM120 GPU unavailable
e0m3_candidate,e2m1,0xf,0x5,64,1.0,1.0,0.0,-1344,,,NOT_RUN,SM120 GPU unavailable
e0m3_candidate,e2m1,0xf,0x6,64,1.0,1.0,0.0,-1792,,,NOT_RUN,SM120 GPU unavailable
e0m3_candidate,e2m1,0xf,0x7,64,1.0,1.0,0.0,-2688,,,NOT_RUN,SM120 GPU unavailable
e0m3_candidate,e2m1,0xf,0x8,64,1.0,1.0,0.0,+0,,,NOT_RUN,SM120 GPU unavailable
e0m3_candidate,e2m1,0xf,0x9,64,1.0,1.0,0.0,224,,,NOT_RUN,SM120 GPU unavailable
e0m3_candidate,e2m1,0xf,0xa,64,1.0,1.0,0.0,448,,,NOT_RUN,SM120 GPU unavailable
e0m3_candidate,e2m1,0xf,0xb,64,1.0,1.0,0.0,672,,,NOT_RUN,SM120 GPU unavailable
e0m3_candidate,e2m1,0xf,0xc,64,1.0,1.0,0.0,896,,,NOT_RUN,SM120 GPU unavailable
e0m3_candidate,e2m1,0xf,0xd,64,1.0,1.0,0.0,1344,,,NOT_RUN,SM120 GPU unavailable
e0m3_candidate,e2m1,0xf,0xe,64,1.0,1.0,0.0,1792,,,NOT_RUN,SM120 GPU unavailable
e0m3_candidate,e2m1,0xf,0xf,64,1.0,1.0,0.0,2688,,,NOT_RUN,SM120 GPU unavailable
e2m1,e0m3_candidate,0x0,0x0,64,1.0,1.0,0.0,+0,,,NOT_RUN,SM120 GPU unavailable
e2m1,e0m3_candidate,0x0,0x1,64,1.0,1.0,0.0,+0,,,NOT_RUN,SM120 GPU unavailable
e2m1,e0m3_candidate,0x0,0x2,64,1.0,1.0,0.0,+0,,,NOT_RUN,SM120 GPU unavailable
e2m1,e0m3_candidate,0x0,0x3,64,1.0,1.0,0.0,+0,,,NOT_RUN,SM120 GPU unavailable
e2m1,e0m3_candidate,0x0,0x4,64,1.0,1.0,0.0,+0,,,NOT_RUN,SM120 GPU unavailable
e2m1,e0m3_candidate,0x0,0x5,64,1.0,1.0,0.0,+0,,,NOT_RUN,SM120 GPU unavailable
e2m1,e0m3_candidate,0x0,0x6,64,1.0,1.0,0.0,+0,,,NOT_RUN,SM120 GPU unavailable
e2m1,e0m3_candidate,0x0,0x7,64,1.0,1.0,0.0,+0,,,NOT_RUN,SM120 GPU unavailable
e2m1,e0m3_candidate,0x0,0x8,64,1.0,1.0,0.0,+0,,,NOT_RUN,SM120 GPU unavailable
e2m1,e0m3_candidate,0x0,0x9,64,1.0,1.0,0.0,+0,,,NOT_RUN,SM120 GPU unavailable
e2m1,e0m3_candidate,0x0,0xa,64,1.0,1.0,0.0,+0,,,NOT_RUN,SM120 GPU unavailable
e2m1,e0m3_candidate,0x0,0xb,64,1.0,1.0,0.0,+0,,,NOT_RUN,SM120 GPU unavailable
e2m1,e0m3_candidate,0x0,0xc,64,1.0,1.0,0.0,+0,,,NOT_RUN,SM120 GPU unavailable
e2m1,e0m3_candidate,0x0,0xd,64,1.0,1.0,0.0,+0,,,NOT_RUN,SM120 GPU unavailable
e2m1,e0m3_candidate,0x0,0xe,64,1.0,1.0,0.0,+0,,,NOT_RUN,SM120 GPU unavailable
e2m1,e0m3_candidate,0x0,0xf,64,1.0,1.0,0.0,+0,,,NOT_RUN,SM120 GPU unavailable
e2m1,e0m3_candidate,0x1,0x0,64,1.0,1.0,0.0,+0,,,NOT_RUN,SM120 GPU unavailable
e2m1,e0m3_candidate,0x1,0x1,64,1.0,1.0,0.0,32,,,NOT_RUN,SM120 GPU unavailable
e2m1,e0m3_candidate,0x1,0x2,64,1.0,1.0,0.0,64,,,NOT_RUN,SM120 GPU unavailable
e2m1,e0m3_candidate,0x1,0x3,64,1.0,1.0,0.0,96,,,NOT_RUN,SM120 GPU unavailable
e2m1,e0m3_candidate,0x1,0x4,64,1.0,1.0,0.0,128,,,NOT_RUN,SM120 GPU unavailable
e2m1,e0m3_candidate,0x1,0x5,64,1.0,1.0,0.0,160,,,NOT_RUN,SM120 GPU unavailable
e2m1,e0m3_candidate,0x1,0x6,64,1.0,1.0,0.0,192,,,NOT_RUN,SM120 GPU unavailable
e2m1,e0m3_candidate,0x1,0x7,64,1.0,1.0,0.0,224,,,NOT_RUN,SM120 GPU unavailable
e2m1,e0m3_candidate,0x1,0x8,64,1.0,1.0,0.0,+0,,,NOT_RUN,SM120 GPU unavailable
e2m1,e0m3_candidate,0x1,0x9,64,1.0,1.0,0.0,-32,,,NOT_RUN,SM120 GPU unavailable
e2m1,e0m3_candidate,0x1,0xa,64,1.0,1.0,0.0,-64,,,NOT_RUN,SM120 GPU unavailable
e2m1,e0m3_candidate,0x1,0xb,64,1.0,1.0,0.0,-96,,,NOT_RUN,SM120 GPU unavailable
e2m1,e0m3_candidate,0x1,0xc,64,1.0,1.0,0.0,-128,,,NOT_RUN,SM120 GPU unavailable
e2m1,e0m3_candidate,0x1,0xd,64,1.0,1.0,0.0,-160,,,NOT_RUN,SM120 GPU unavailable
e2m1,e0m3_candidate,0x1,0xe,64,1.0,1.0,0.0,-192,,,NOT_RUN,SM120 GPU unavailable
e2m1,e0m3_candidate,0x1,0xf,64,1.0,1.0,0.0,-224,,,NOT_RUN,SM120 GPU unavailable
e2m1,e0m3_candidate,0x2,0x0,64,1.0,1.0,0.0,+0,,,NOT_RUN,SM120 GPU unavailable
e2m1,e0m3_candidate,0x2,0x1,64,1.0,1.0,0.0,64,,,NOT_RUN,SM120 GPU unavailable
e2m1,e0m3_candidate,0x2,0x2,64,1.0,1.0,0.0,128,,,NOT_RUN,SM120 GPU unavailable
e2m1,e0m3_candidate,0x2,0x3,64,1.0,1.0,0.0,192,,,NOT_RUN,SM120 GPU unavailable
e2m1,e0m3_candidate,0x2,0x4,64,1.0,1.0,0.0,256,,,NOT_RUN,SM120 GPU unavailable
e2m1,e0m3_candidate,0x2,0x5,64,1.0,1.0,0.0,320,,,NOT_RUN,SM120 GPU unavailable
e2m1,e0m3_candidate,0x2,0x6,64,1.0,1.0,0.0,384,,,NOT_RUN,SM120 GPU unavailable
e2m1,e0m3_candidate,0x2,0x7,64,1.0,1.0,0.0,448,,,NOT_RUN,SM120 GPU unavailable
e2m1,e0m3_candidate,0x2,0x8,64,1.0,1.0,0.0,+0,,,NOT_RUN,SM120 GPU unavailable
e2m1,e0m3_candidate,0x2,0x9,64,1.0,1.0,0.0,-64,,,NOT_RUN,SM120 GPU unavailable
e2m1,e0m3_candidate,0x2,0xa,64,1.0,1.0,0.0,-128,,,NOT_RUN,SM120 GPU unavailable
e2m1,e0m3_candidate,0x2,0xb,64,1.0,1.0,0.0,-192,,,NOT_RUN,SM120 GPU unavailable
e2m1,e0m3_candidate,0x2,0xc,64,1.0,1.0,0.0,-256,,,NOT_RUN,SM120 GPU unavailable
e2m1,e0m3_candidate,0x2,0xd,64,1.0,1.0,0.0,-320,,,NOT_RUN,SM120 GPU unavailable
e2m1,e0m3_candidate,0x2,0xe,64,1.0,1.0,0.0,-384,,,NOT_RUN,SM120 GPU unavailable
e2m1,e0m3_candidate,0x2,0xf,64,1.0,1.0,0.0,-448,,,NOT_RUN,SM120 GPU unavailable
e2m1,e0m3_candidate,0x3,0x0,64,1.0,1.0,0.0,+0,,,NOT_RUN,SM120 GPU unavailable
e2m1,e0m3_candidate,0x3,0x1,64,1.0,1.0,0.0,96,,,NOT_RUN,SM120 GPU unavailable
e2m1,e0m3_candidate,0x3,0x2,64,1.0,1.0,0.0,192,,,NOT_RUN,SM120 GPU unavailable
e2m1,e0m3_candidate,0x3,0x3,64,1.0,1.0,0.0,288,,,NOT_RUN,SM120 GPU unavailable
e2m1,e0m3_candidate,0x3,0x4,64,1.0,1.0,0.0,384,,,NOT_RUN,SM120 GPU unavailable
e2m1,e0m3_candidate,0x3,0x5,64,1.0,1.0,0.0,480,,,NOT_RUN,SM120 GPU unavailable
e2m1,e0m3_candidate,0x3,0x6,64,1.0,1.0,0.0,576,,,NOT_RUN,SM120 GPU unavailable
e2m1,e0m3_candidate,0x3,0x7,64,1.0,1.0,0.0,672,,,NOT_RUN,SM120 GPU unavailable
e2m1,e0m3_candidate,0x3,0x8,64,1.0,1.0,0.0,+0,,,NOT_RUN,SM120 GPU unavailable
e2m1,e0m3_candidate,0x3,0x9,64,1.0,1.0,0.0,-96,,,NOT_RUN,SM120 GPU unavailable
e2m1,e0m3_candidate,0x3,0xa,64,1.0,1.0,0.0,-192,,,NOT_RUN,SM120 GPU unavailable
e2m1,e0m3_candidate,0x3,0xb,64,1.0,1.0,0.0,-288,,,NOT_RUN,SM120 GPU unavailable
e2m1,e0m3_candidate,0x3,0xc,64,1.0,1.0,0.0,-384,,,NOT_RUN,SM120 GPU unavailable
e2m1,e0m3_candidate,0x3,0xd,64,1.0,1.0,0.0,-480,,,NOT_RUN,SM120 GPU unavailable
e2m1,e0m3_candidate,0x3,0xe,64,1.0,1.0,0.0,-576,,,NOT_RUN,SM120 GPU unavailable
e2m1,e0m3_candidate,0x3,0xf,64,1.0,1.0,0.0,-672,,,NOT_RUN,SM120 GPU unavailable
e2m1,e0m3_candidate,0x4,0x0,64,1.0,1.0,0.0,+0,,,NOT_RUN,SM120 GPU unavailable
e2m1,e0m3_candidate,0x4,0x1,64,1.0,1.0,0.0,128,,,NOT_RUN,SM120 GPU unavailable
e2m1,e0m3_candidate,0x4,0x2,64,1.0,1.0,0.0,256,,,NOT_RUN,SM120 GPU unavailable
e2m1,e0m3_candidate,0x4,0x3,64,1.0,1.0,0.0,384,,,NOT_RUN,SM120 GPU unavailable
e2m1,e0m3_candidate,0x4,0x4,64,1.0,1.0,0.0,512,,,NOT_RUN,SM120 GPU unavailable
e2m1,e0m3_candidate,0x4,0x5,64,1.0,1.0,0.0,640,,,NOT_RUN,SM120 GPU unavailable
e2m1,e0m3_candidate,0x4,0x6,64,1.0,1.0,0.0,768,,,NOT_RUN,SM120 GPU unavailable
e2m1,e0m3_candidate,0x4,0x7,64,1.0,1.0,0.0,896,,,NOT_RUN,SM120 GPU unavailable
e2m1,e0m3_candidate,0x4,0x8,64,1.0,1.0,0.0,+0,,,NOT_RUN,SM120 GPU unavailable
e2m1,e0m3_candidate,0x4,0x9,64,1.0,1.0,0.0,-128,,,NOT_RUN,SM120 GPU unavailable
e2m1,e0m3_candidate,0x4,0xa,64,1.0,1.0,0.0,-256,,,NOT_RUN,SM120 GPU unavailable
e2m1,e0m3_candidate,0x4,0xb,64,1.0,1.0,0.0,-384,,,NOT_RUN,SM120 GPU unavailable
e2m1,e0m3_candidate,0x4,0xc,64,1.0,1.0,0.0,-512,,,NOT_RUN,SM120 GPU unavailable
e2m1,e0m3_candidate,0x4,0xd,64,1.0,1.0,0.0,-640,,,NOT_RUN,SM120 GPU unavailable
e2m1,e0m3_candidate,0x4,0xe,64,1.0,1.0,0.0,-768,,,NOT_RUN,SM120 GPU unavailable
e2m1,e0m3_candidate,0x4,0xf,64,1.0,1.0,0.0,-896,,,NOT_RUN,SM120 GPU unavailable
e2m1,e0m3_candidate,0x5,0x0,64,1.0,1.0,0.0,+0,,,NOT_RUN,SM120 GPU unavailable
e2m1,e0m3_candidate,0x5,0x1,64,1.0,1.0,0.0,192,,,NOT_RUN,SM120 GPU unavailable
e2m1,e0m3_candidate,0x5,0x2,64,1.0,1.0,0.0,384,,,NOT_RUN,SM120 GPU unavailable
e2m1,e0m3_candidate,0x5,0x3,64,1.0,1.0,0.0,576,,,NOT_RUN,SM120 GPU unavailable
e2m1,e0m3_candidate,0x5,0x4,64,1.0,1.0,0.0,768,,,NOT_RUN,SM120 GPU unavailable
e2m1,e0m3_candidate,0x5,0x5,64,1.0,1.0,0.0,960,,,NOT_RUN,SM120 GPU unavailable
e2m1,e0m3_candidate,0x5,0x6,64,1.0,1.0,0.0,1152,,,NOT_RUN,SM120 GPU unavailable
e2m1,e0m3_candidate,0x5,0x7,64,1.0,1.0,0.0,1344,,,NOT_RUN,SM120 GPU unavailable
e2m1,e0m3_candidate,0x5,0x8,64,1.0,1.0,0.0,+0,,,NOT_RUN,SM120 GPU unavailable
e2m1,e0m3_candidate,0x5,0x9,64,1.0,1.0,0.0,-192,,,NOT_RUN,SM120 GPU unavailable
e2m1,e0m3_candidate,0x5,0xa,64,1.0,1.0,0.0,-384,,,NOT_RUN,SM120 GPU unavailable
e2m1,e0m3_candidate,0x5,0xb,64,1.0,1.0,0.0,-576,,,NOT_RUN,SM120 GPU unavailable
e2m1,e0m3_candidate,0x5,0xc,64,1.0,1.0,0.0,-768,,,NOT_RUN,SM120 GPU unavailable
e2m1,e0m3_candidate,0x5,0xd,64,1.0,1.0,0.0,-960,,,NOT_RUN,SM120 GPU unavailable
e2m1,e0m3_candidate,0x5,0xe,64,1.0,1.0,0.0,-1152,,,NOT_RUN,SM120 GPU unavailable
e2m1,e0m3_candidate,0x5,0xf,64,1.0,1.0,0.0,-1344,,,NOT_RUN,SM120 GPU unavailable
e2m1,e0m3_candidate,0x6,0x0,64,1.0,1.0,0.0,+0,,,NOT_RUN,SM120 GPU unavailable
e2m1,e0m3_candidate,0x6,0x1,64,1.0,1.0,0.0,256,,,NOT_RUN,SM120 GPU unavailable
e2m1,e0m3_candidate,0x6,0x2,64,1.0,1.0,0.0,512,,,NOT_RUN,SM120 GPU unavailable
e2m1,e0m3_candidate,0x6,0x3,64,1.0,1.0,0.0,768,,,NOT_RUN,SM120 GPU unavailable
e2m1,e0m3_candidate,0x6,0x4,64,1.0,1.0,0.0,1024,,,NOT_RUN,SM120 GPU unavailable
e2m1,e0m3_candidate,0x6,0x5,64,1.0,1.0,0.0,1280,,,NOT_RUN,SM120 GPU unavailable
e2m1,e0m3_candidate,0x6,0x6,64,1.0,1.0,0.0,1536,,,NOT_RUN,SM120 GPU unavailable
e2m1,e0m3_candidate,0x6,0x7,64,1.0,1.0,0.0,1792,,,NOT_RUN,SM120 GPU unavailable
e2m1,e0m3_candidate,0x6,0x8,64,1.0,1.0,0.0,+0,,,NOT_RUN,SM120 GPU unavailable
e2m1,e0m3_candidate,0x6,0x9,64,1.0,1.0,0.0,-256,,,NOT_RUN,SM120 GPU unavailable
e2m1,e0m3_candidate,0x6,0xa,64,1.0,1.0,0.0,-512,,,NOT_RUN,SM120 GPU unavailable
e2m1,e0m3_candidate,0x6,0xb,64,1.0,1.0,0.0,-768,,,NOT_RUN,SM120 GPU unavailable
e2m1,e0m3_candidate,0x6,0xc,64,1.0,1.0,0.0,-1024,,,NOT_RUN,SM120 GPU unavailable
e2m1,e0m3_candidate,0x6,0xd,64,1.0,1.0,0.0,-1280,,,NOT_RUN,SM120 GPU unavailable
e2m1,e0m3_candidate,0x6,0xe,64,1.0,1.0,0.0,-1536,,,NOT_RUN,SM120 GPU unavailable
e2m1,e0m3_candidate,0x6,0xf,64,1.0,1.0,0.0,-1792,,,NOT_RUN,SM120 GPU unavailable
e2m1,e0m3_candidate,0x7,0x0,64,1.0,1.0,0.0,+0,,,NOT_RUN,SM120 GPU unavailable
e2m1,e0m3_candidate,0x7,0x1,64,1.0,1.0,0.0,384,,,NOT_RUN,SM120 GPU unavailable
e2m1,e0m3_candidate,0x7,0x2,64,1.0,1.0,0.0,768,,,NOT_RUN,SM120 GPU unavailable
e2m1,e0m3_candidate,0x7,0x3,64,1.0,1.0,0.0,1152,,,NOT_RUN,SM120 GPU unavailable
e2m1,e0m3_candidate,0x7,0x4,64,1.0,1.0,0.0,1536,,,NOT_RUN,SM120 GPU unavailable
e2m1,e0m3_candidate,0x7,0x5,64,1.0,1.0,0.0,1920,,,NOT_RUN,SM120 GPU unavailable
e2m1,e0m3_candidate,0x7,0x6,64,1.0,1.0,0.0,2304,,,NOT_RUN,SM120 GPU unavailable
e2m1,e0m3_candidate,0x7,0x7,64,1.0,1.0,0.0,2688,,,NOT_RUN,SM120 GPU unavailable
e2m1,e0m3_candidate,0x7,0x8,64,1.0,1.0,0.0,+0,,,NOT_RUN,SM120 GPU unavailable
e2m1,e0m3_candidate,0x7,0x9,64,1.0,1.0,0.0,-384,,,NOT_RUN,SM120 GPU unavailable
e2m1,e0m3_candidate,0x7,0xa,64,1.0,1.0,0.0,-768,,,NOT_RUN,SM120 GPU unavailable
e2m1,e0m3_candidate,0x7,0xb,64,1.0,1.0,0.0,-1152,,,NOT_RUN,SM120 GPU unavailable
e2m1,e0m3_candidate,0x7,0xc,64,1.0,1.0,0.0,-1536,,,NOT_RUN,SM120 GPU unavailable
e2m1,e0m3_candidate,0x7,0xd,64,1.0,1.0,0.0,-1920,,,NOT_RUN,SM120 GPU unavailable
e2m1,e0m3_candidate,0x7,0xe,64,1.0,1.0,0.0,-2304,,,NOT_RUN,SM120 GPU unavailable
e2m1,e0m3_candidate,0x7,0xf,64,1.0,1.0,0.0,-2688,,,NOT_RUN,SM120 GPU unavailable
e2m1,e0m3_candidate,0x8,0x0,64,1.0,1.0,0.0,+0,,,NOT_RUN,SM120 GPU unavailable
e2m1,e0m3_candidate,0x8,0x1,64,1.0,1.0,0.0,+0,,,NOT_RUN,SM120 GPU unavailable
e2m1,e0m3_candidate,0x8,0x2,64,1.0,1.0,0.0,+0,,,NOT_RUN,SM120 GPU unavailable
e2m1,e0m3_candidate,0x8,0x3,64,1.0,1.0,0.0,+0,,,NOT_RUN,SM120 GPU unavailable
e2m1,e0m3_candidate,0x8,0x4,64,1.0,1.0,0.0,+0,,,NOT_RUN,SM120 GPU unavailable
e2m1,e0m3_candidate,0x8,0x5,64,1.0,1.0,0.0,+0,,,NOT_RUN,SM120 GPU unavailable
e2m1,e0m3_candidate,0x8,0x6,64,1.0,1.0,0.0,+0,,,NOT_RUN,SM120 GPU unavailable
e2m1,e0m3_candidate,0x8,0x7,64,1.0,1.0,0.0,+0,,,NOT_RUN,SM120 GPU unavailable
e2m1,e0m3_candidate,0x8,0x8,64,1.0,1.0,0.0,+0,,,NOT_RUN,SM120 GPU unavailable
e2m1,e0m3_candidate,0x8,0x9,64,1.0,1.0,0.0,+0,,,NOT_RUN,SM120 GPU unavailable
e2m1,e0m3_candidate,0x8,0xa,64,1.0,1.0,0.0,+0,,,NOT_RUN,SM120 GPU unavailable
e2m1,e0m3_candidate,0x8,0xb,64,1.0,1.0,0.0,+0,,,NOT_RUN,SM120 GPU unavailable
e2m1,e0m3_candidate,0x8,0xc,64,1.0,1.0,0.0,+0,,,NOT_RUN,SM120 GPU unavailable
e2m1,e0m3_candidate,0x8,0xd,64,1.0,1.0,0.0,+0,,,NOT_RUN,SM120 GPU unavailable
e2m1,e0m3_candidate,0x8,0xe,64,1.0,1.0,0.0,+0,,,NOT_RUN,SM120 GPU unavailable
e2m1,e0m3_candidate,0x8,0xf,64,1.0,1.0,0.0,+0,,,NOT_RUN,SM120 GPU unavailable
e2m1,e0m3_candidate,0x9,0x0,64,1.0,1.0,0.0,+0,,,NOT_RUN,SM120 GPU unavailable
e2m1,e0m3_candidate,0x9,0x1,64,1.0,1.0,0.0,-32,,,NOT_RUN,SM120 GPU unavailable
e2m1,e0m3_candidate,0x9,0x2,64,1.0,1.0,0.0,-64,,,NOT_RUN,SM120 GPU unavailable
e2m1,e0m3_candidate,0x9,0x3,64,1.0,1.0,0.0,-96,,,NOT_RUN,SM120 GPU unavailable
e2m1,e0m3_candidate,0x9,0x4,64,1.0,1.0,0.0,-128,,,NOT_RUN,SM120 GPU unavailable
e2m1,e0m3_candidate,0x9,0x5,64,1.0,1.0,0.0,-160,,,NOT_RUN,SM120 GPU unavailable
e2m1,e0m3_candidate,0x9,0x6,64,1.0,1.0,0.0,-192,,,NOT_RUN,SM120 GPU unavailable
e2m1,e0m3_candidate,0x9,0x7,64,1.0,1.0,0.0,-224,,,NOT_RUN,SM120 GPU unavailable
e2m1,e0m3_candidate,0x9,0x8,64,1.0,1.0,0.0,+0,,,NOT_RUN,SM120 GPU unavailable
e2m1,e0m3_candidate,0x9,0x9,64,1.0,1.0,0.0,32,,,NOT_RUN,SM120 GPU unavailable
e2m1,e0m3_candidate,0x9,0xa,64,1.0,1.0,0.0,64,,,NOT_RUN,SM120 GPU unavailable
e2m1,e0m3_candidate,0x9,0xb,64,1.0,1.0,0.0,96,,,NOT_RUN,SM120 GPU unavailable
e2m1,e0m3_candidate,0x9,0xc,64,1.0,1.0,0.0,128,,,NOT_RUN,SM120 GPU unavailable
e2m1,e0m3_candidate,0x9,0xd,64,1.0,1.0,0.0,160,,,NOT_RUN,SM120 GPU unavailable
e2m1,e0m3_candidate,0x9,0xe,64,1.0,1.0,0.0,192,,,NOT_RUN,SM120 GPU unavailable
e2m1,e0m3_candidate,0x9,0xf,64,1.0,1.0,0.0,224,,,NOT_RUN,SM120 GPU unavailable
e2m1,e0m3_candidate,0xa,0x0,64,1.0,1.0,0.0,+0,,,NOT_RUN,SM120 GPU unavailable
e2m1,e0m3_candidate,0xa,0x1,64,1.0,1.0,0.0,-64,,,NOT_RUN,SM120 GPU unavailable
e2m1,e0m3_candidate,0xa,0x2,64,1.0,1.0,0.0,-128,,,NOT_RUN,SM120 GPU unavailable
e2m1,e0m3_candidate,0xa,0x3,64,1.0,1.0,0.0,-192,,,NOT_RUN,SM120 GPU unavailable
e2m1,e0m3_candidate,0xa,0x4,64,1.0,1.0,0.0,-256,,,NOT_RUN,SM120 GPU unavailable
e2m1,e0m3_candidate,0xa,0x5,64,1.0,1.0,0.0,-320,,,NOT_RUN,SM120 GPU unavailable
e2m1,e0m3_candidate,0xa,0x6,64,1.0,1.0,0.0,-384,,,NOT_RUN,SM120 GPU unavailable
e2m1,e0m3_candidate,0xa,0x7,64,1.0,1.0,0.0,-448,,,NOT_RUN,SM120 GPU unavailable
e2m1,e0m3_candidate,0xa,0x8,64,1.0,1.0,0.0,+0,,,NOT_RUN,SM120 GPU unavailable
e2m1,e0m3_candidate,0xa,0x9,64,1.0,1.0,0.0,64,,,NOT_RUN,SM120 GPU unavailable
e2m1,e0m3_candidate,0xa,0xa,64,1.0,1.0,0.0,128,,,NOT_RUN,SM120 GPU unavailable
e2m1,e0m3_candidate,0xa,0xb,64,1.0,1.0,0.0,192,,,NOT_RUN,SM120 GPU unavailable
e2m1,e0m3_candidate,0xa,0xc,64,1.0,1.0,0.0,256,,,NOT_RUN,SM120 GPU unavailable
e2m1,e0m3_candidate,0xa,0xd,64,1.0,1.0,0.0,320,,,NOT_RUN,SM120 GPU unavailable
e2m1,e0m3_candidate,0xa,0xe,64,1.0,1.0,0.0,384,,,NOT_RUN,SM120 GPU unavailable
e2m1,e0m3_candidate,0xa,0xf,64,1.0,1.0,0.0,448,,,NOT_RUN,SM120 GPU unavailable
e2m1,e0m3_candidate,0xb,0x0,64,1.0,1.0,0.0,+0,,,NOT_RUN,SM120 GPU unavailable
e2m1,e0m3_candidate,0xb,0x1,64,1.0,1.0,0.0,-96,,,NOT_RUN,SM120 GPU unavailable
e2m1,e0m3_candidate,0xb,0x2,64,1.0,1.0,0.0,-192,,,NOT_RUN,SM120 GPU unavailable
e2m1,e0m3_candidate,0xb,0x3,64,1.0,1.0,0.0,-288,,,NOT_RUN,SM120 GPU unavailable
e2m1,e0m3_candidate,0xb,0x4,64,1.0,1.0,0.0,-384,,,NOT_RUN,SM120 GPU unavailable
e2m1,e0m3_candidate,0xb,0x5,64,1.0,1.0,0.0,-480,,,NOT_RUN,SM120 GPU unavailable
e2m1,e0m3_candidate,0xb,0x6,64,1.0,1.0,0.0,-576,,,NOT_RUN,SM120 GPU unavailable
e2m1,e0m3_candidate,0xb,0x7,64,1.0,1.0,0.0,-672,,,NOT_RUN,SM120 GPU unavailable
e2m1,e0m3_candidate,0xb,0x8,64,1.0,1.0,0.0,+0,,,NOT_RUN,SM120 GPU unavailable
e2m1,e0m3_candidate,0xb,0x9,64,1.0,1.0,0.0,96,,,NOT_RUN,SM120 GPU unavailable
e2m1,e0m3_candidate,0xb,0xa,64,1.0,1.0,0.0,192,,,NOT_RUN,SM120 GPU unavailable
e2m1,e0m3_candidate,0xb,0xb,64,1.0,1.0,0.0,288,,,NOT_RUN,SM120 GPU unavailable
e2m1,e0m3_candidate,0xb,0xc,64,1.0,1.0,0.0,384,,,NOT_RUN,SM120 GPU unavailable
e2m1,e0m3_candidate,0xb,0xd,64,1.0,1.0,0.0,480,,,NOT_RUN,SM120 GPU unavailable
e2m1,e0m3_candidate,0xb,0xe,64,1.0,1.0,0.0,576,,,NOT_RUN,SM120 GPU unavailable
e2m1,e0m3_candidate,0xb,0xf,64,1.0,1.0,0.0,672,,,NOT_RUN,SM120 GPU unavailable
e2m1,e0m3_candidate,0xc,0x0,64,1.0,1.0,0.0,+0,,,NOT_RUN,SM120 GPU unavailable
e2m1,e0m3_candidate,0xc,0x1,64,1.0,1.0,0.0,-128,,,NOT_RUN,SM120 GPU unavailable
e2m1,e0m3_candidate,0xc,0x2,64,1.0,1.0,0.0,-256,,,NOT_RUN,SM120 GPU unavailable
e2m1,e0m3_candidate,0xc,0x3,64,1.0,1.0,0.0,-384,,,NOT_RUN,SM120 GPU unavailable
e2m1,e0m3_candidate,0xc,0x4,64,1.0,1.0,0.0,-512,,,NOT_RUN,SM120 GPU unavailable
e2m1,e0m3_candidate,0xc,0x5,64,1.0,1.0,0.0,-640,,,NOT_RUN,SM120 GPU unavailable
e2m1,e0m3_candidate,0xc,0x6,64,1.0,1.0,0.0,-768,,,NOT_RUN,SM120 GPU unavailable
e2m1,e0m3_candidate,0xc,0x7,64,1.0,1.0,0.0,-896,,,NOT_RUN,SM120 GPU unavailable
e2m1,e0m3_candidate,0xc,0x8,64,1.0,1.0,0.0,+0,,,NOT_RUN,SM120 GPU unavailable
e2m1,e0m3_candidate,0xc,0x9,64,1.0,1.0,0.0,128,,,NOT_RUN,SM120 GPU unavailable
e2m1,e0m3_candidate,0xc,0xa,64,1.0,1.0,0.0,256,,,NOT_RUN,SM120 GPU unavailable
e2m1,e0m3_candidate,0xc,0xb,64,1.0,1.0,0.0,384,,,NOT_RUN,SM120 GPU unavailable
e2m1,e0m3_candidate,0xc,0xc,64,1.0,1.0,0.0,512,,,NOT_RUN,SM120 GPU unavailable
e2m1,e0m3_candidate,0xc,0xd,64,1.0,1.0,0.0,640,,,NOT_RUN,SM120 GPU unavailable
e2m1,e0m3_candidate,0xc,0xe,64,1.0,1.0,0.0,768,,,NOT_RUN,SM120 GPU unavailable
e2m1,e0m3_candidate,0xc,0xf,64,1.0,1.0,0.0,896,,,NOT_RUN,SM120 GPU unavailable
e2m1,e0m3_candidate,0xd,0x0,64,1.0,1.0,0.0,+0,,,NOT_RUN,SM120 GPU unavailable
e2m1,e0m3_candidate,0xd,0x1,64,1.0,1.0,0.0,-192,,,NOT_RUN,SM120 GPU unavailable
e2m1,e0m3_candidate,0xd,0x2,64,1.0,1.0,0.0,-384,,,NOT_RUN,SM120 GPU unavailable
e2m1,e0m3_candidate,0xd,0x3,64,1.0,1.0,0.0,-576,,,NOT_RUN,SM120 GPU unavailable
e2m1,e0m3_candidate,0xd,0x4,64,1.0,1.0,0.0,-768,,,NOT_RUN,SM120 GPU unavailable
e2m1,e0m3_candidate,0xd,0x5,64,1.0,1.0,0.0,-960,,,NOT_RUN,SM120 GPU unavailable
e2m1,e0m3_candidate,0xd,0x6,64,1.0,1.0,0.0,-1152,,,NOT_RUN,SM120 GPU unavailable
e2m1,e0m3_candidate,0xd,0x7,64,1.0,1.0,0.0,-1344,,,NOT_RUN,SM120 GPU unavailable
e2m1,e0m3_candidate,0xd,0x8,64,1.0,1.0,0.0,+0,,,NOT_RUN,SM120 GPU unavailable
e2m1,e0m3_candidate,0xd,0x9,64,1.0,1.0,0.0,192,,,NOT_RUN,SM120 GPU unavailable
e2m1,e0m3_candidate,0xd,0xa,64,1.0,1.0,0.0,384,,,NOT_RUN,SM120 GPU unavailable
e2m1,e0m3_candidate,0xd,0xb,64,1.0,1.0,0.0,576,,,NOT_RUN,SM120 GPU unavailable
e2m1,e0m3_candidate,0xd,0xc,64,1.0,1.0,0.0,768,,,NOT_RUN,SM120 GPU unavailable
e2m1,e0m3_candidate,0xd,0xd,64,1.0,1.0,0.0,960,,,NOT_RUN,SM120 GPU unavailable
e2m1,e0m3_candidate,0xd,0xe,64,1.0,1.0,0.0,1152,,,NOT_RUN,SM120 GPU unavailable
e2m1,e0m3_candidate,0xd,0xf,64,1.0,1.0,0.0,1344,,,NOT_RUN,SM120 GPU unavailable
e2m1,e0m3_candidate,0xe,0x0,64,1.0,1.0,0.0,+0,,,NOT_RUN,SM120 GPU unavailable
e2m1,e0m3_candidate,0xe,0x1,64,1.0,1.0,0.0,-256,,,NOT_RUN,SM120 GPU unavailable
e2m1,e0m3_candidate,0xe,0x2,64,1.0,1.0,0.0,-512,,,NOT_RUN,SM120 GPU unavailable
e2m1,e0m3_candidate,0xe,0x3,64,1.0,1.0,0.0,-768,,,NOT_RUN,SM120 GPU unavailable
e2m1,e0m3_candidate,0xe,0x4,64,1.0,1.0,0.0,-1024,,,NOT_RUN,SM120 GPU unavailable
e2m1,e0m3_candidate,0xe,0x5,64,1.0,1.0,0.0,-1280,,,NOT_RUN,SM120 GPU unavailable
e2m1,e0m3_candidate,0xe,0x6,64,1.0,1.0,0.0,-1536,,,NOT_RUN,SM120 GPU unavailable
e2m1,e0m3_candidate,0xe,0x7,64,1.0,1.0,0.0,-1792,,,NOT_RUN,SM120 GPU unavailable
e2m1,e0m3_candidate,0xe,0x8,64,1.0,1.0,0.0,+0,,,NOT_RUN,SM120 GPU unavailable
e2m1,e0m3_candidate,0xe,0x9,64,1.0,1.0,0.0,256,,,NOT_RUN,SM120 GPU unavailable
e2m1,e0m3_candidate,0xe,0xa,64,1.0,1.0,0.0,512,,,NOT_RUN,SM120 GPU unavailable
e2m1,e0m3_candidate,0xe,0xb,64,1.0,1.0,0.0,768,,,NOT_RUN,SM120 GPU unavailable
e2m1,e0m3_candidate,0xe,0xc,64,1.0,1.0,0.0,1024,,,NOT_RUN,SM120 GPU unavailable
e2m1,e0m3_candidate,0xe,0xd,64,1.0,1.0,0.0,1280,,,NOT_RUN,SM120 GPU unavailable
e2m1,e0m3_candidate,0xe,0xe,64,1.0,1.0,0.0,1536,,,NOT_RUN,SM120 GPU unavailable
e2m1,e0m3_candidate,0xe,0xf,64,1.0,1.0,0.0,1792,,,NOT_RUN,SM120 GPU unavailable
e2m1,e0m3_candidate,0xf,0x0,64,1.0,1.0,0.0,+0,,,NOT_RUN,SM120 GPU unavailable
e2m1,e0m3_candidate,0xf,0x1,64,1.0,1.0,0.0,-384,,,NOT_RUN,SM120 GPU unavailable
e2m1,e0m3_candidate,0xf,0x2,64,1.0,1.0,0.0,-768,,,NOT_RUN,SM120 GPU unavailable
e2m1,e0m3_candidate,0xf,0x3,64,1.0,1.0,0.0,-1152,,,NOT_RUN,SM120 GPU unavailable
e2m1,e0m3_candidate,0xf,0x4,64,1.0,1.0,0.0,-1536,,,NOT_RUN,SM120 GPU unavailable
e2m1,e0m3_candidate,0xf,0x5,64,1.0,1.0,0.0,-1920,,,NOT_RUN,SM120 GPU unavailable
e2m1,e0m3_candidate,0xf,0x6,64,1.0,1.0,0.0,-2304,,,NOT_RUN,SM120 GPU unavailable
e2m1,e0m3_candidate,0xf,0x7,64,1.0,1.0,0.0,-2688,,,NOT_RUN,SM120 GPU unavailable
e2m1,e0m3_candidate,0xf,0x8,64,1.0,1.0,0.0,+0,,,NOT_RUN,SM120 GPU unavailable
e2m1,e0m3_candidate,0xf,0x9,64,1.0,1.0,0.0,384,,,NOT_RUN,SM120 GPU unavailable
e2m1,e0m3_candidate,0xf,0xa,64,1.0,1.0,0.0,768,,,NOT_RUN,SM120 GPU unavailable
e2m1,e0m3_candidate,0xf,0xb,64,1.0,1.0,0.0,1152,,,NOT_RUN,SM120 GPU unavailable
e2m1,e0m3_candidate,0xf,0xc,64,1.0,1.0,0.0,1536,,,NOT_RUN,SM120 GPU unavailable
e2m1,e0m3_candidate,0xf,0xd,64,1.0,1.0,0.0,1920,,,NOT_RUN,SM120 GPU unavailable
e2m1,e0m3_candidate,0xf,0xe,64,1.0,1.0,0.0,2304,,,NOT_RUN,SM120 GPU unavailable
e2m1,e0m3_candidate,0xf,0xf,64,1.0,1.0,0.0,2688,,,NOT_RUN,SM120 GPU unavailable
e0m3_candidate,e0m3_candidate,0x0,0x0,64,1.0,1.0,0.0,+0,,,NOT_RUN,SM120 GPU unavailable
e0m3_candidate,e0m3_candidate,0x0,0x1,64,1.0,1.0,0.0,+0,,,NOT_RUN,SM120 GPU unavailable
e0m3_candidate,e0m3_candidate,0x0,0x2,64,1.0,1.0,0.0,+0,,,NOT_RUN,SM120 GPU unavailable
e0m3_candidate,e0m3_candidate,0x0,0x3,64,1.0,1.0,0.0,+0,,,NOT_RUN,SM120 GPU unavailable
e0m3_candidate,e0m3_candidate,0x0,0x4,64,1.0,1.0,0.0,+0,,,NOT_RUN,SM120 GPU unavailable
e0m3_candidate,e0m3_candidate,0x0,0x5,64,1.0,1.0,0.0,+0,,,NOT_RUN,SM120 GPU unavailable
e0m3_candidate,e0m3_candidate,0x0,0x6,64,1.0,1.0,0.0,+0,,,NOT_RUN,SM120 GPU unavailable
e0m3_candidate,e0m3_candidate,0x0,0x7,64,1.0,1.0,0.0,+0,,,NOT_RUN,SM120 GPU unavailable
e0m3_candidate,e0m3_candidate,0x0,0x8,64,1.0,1.0,0.0,+0,,,NOT_RUN,SM120 GPU unavailable
e0m3_candidate,e0m3_candidate,0x0,0x9,64,1.0,1.0,0.0,+0,,,NOT_RUN,SM120 GPU unavailable
e0m3_candidate,e0m3_candidate,0x0,0xa,64,1.0,1.0,0.0,+0,,,NOT_RUN,SM120 GPU unavailable
e0m3_candidate,e0m3_candidate,0x0,0xb,64,1.0,1.0,0.0,+0,,,NOT_RUN,SM120 GPU unavailable
e0m3_candidate,e0m3_candidate,0x0,0xc,64,1.0,1.0,0.0,+0,,,NOT_RUN,SM120 GPU unavailable
e0m3_candidate,e0m3_candidate,0x0,0xd,64,1.0,1.0,0.0,+0,,,NOT_RUN,SM120 GPU unavailable
e0m3_candidate,e0m3_candidate,0x0,0xe,64,1.0,1.0,0.0,+0,,,NOT_RUN,SM120 GPU unavailable
e0m3_candidate,e0m3_candidate,0x0,0xf,64,1.0,1.0,0.0,+0,,,NOT_RUN,SM120 GPU unavailable
e0m3_candidate,e0m3_candidate,0x1,0x0,64,1.0,1.0,0.0,+0,,,NOT_RUN,SM120 GPU unavailable
e0m3_candidate,e0m3_candidate,0x1,0x1,64,1.0,1.0,0.0,64,,,NOT_RUN,SM120 GPU unavailable
e0m3_candidate,e0m3_candidate,0x1,0x2,64,1.0,1.0,0.0,128,,,NOT_RUN,SM120 GPU unavailable
e0m3_candidate,e0m3_candidate,0x1,0x3,64,1.0,1.0,0.0,192,,,NOT_RUN,SM120 GPU unavailable
e0m3_candidate,e0m3_candidate,0x1,0x4,64,1.0,1.0,0.0,256,,,NOT_RUN,SM120 GPU unavailable
e0m3_candidate,e0m3_candidate,0x1,0x5,64,1.0,1.0,0.0,320,,,NOT_RUN,SM120 GPU unavailable
e0m3_candidate,e0m3_candidate,0x1,0x6,64,1.0,1.0,0.0,384,,,NOT_RUN,SM120 GPU unavailable
e0m3_candidate,e0m3_candidate,0x1,0x7,64,1.0,1.0,0.0,448,,,NOT_RUN,SM120 GPU unavailable
e0m3_candidate,e0m3_candidate,0x1,0x8,64,1.0,1.0,0.0,+0,,,NOT_RUN,SM120 GPU unavailable
e0m3_candidate,e0m3_candidate,0x1,0x9,64,1.0,1.0,0.0,-64,,,NOT_RUN,SM120 GPU unavailable
e0m3_candidate,e0m3_candidate,0x1,0xa,64,1.0,1.0,0.0,-128,,,NOT_RUN,SM120 GPU unavailable
e0m3_candidate,e0m3_candidate,0x1,0xb,64,1.0,1.0,0.0,-192,,,NOT_RUN,SM120 GPU unavailable
e0m3_candidate,e0m3_candidate,0x1,0xc,64,1.0,1.0,0.0,-256,,,NOT_RUN,SM120 GPU unavailable
e0m3_candidate,e0m3_candidate,0x1,0xd,64,1.0,1.0,0.0,-320,,,NOT_RUN,SM120 GPU unavailable
e0m3_candidate,e0m3_candidate,0x1,0xe,64,1.0,1.0,0.0,-384,,,NOT_RUN,SM120 GPU unavailable
e0m3_candidate,e0m3_candidate,0x1,0xf,64,1.0,1.0,0.0,-448,,,NOT_RUN,SM120 GPU unavailable
e0m3_candidate,e0m3_candidate,0x2,0x0,64,1.0,1.0,0.0,+0,,,NOT_RUN,SM120 GPU unavailable
e0m3_candidate,e0m3_candidate,0x2,0x1,64,1.0,1.0,0.0,128,,,NOT_RUN,SM120 GPU unavailable
e0m3_candidate,e0m3_candidate,0x2,0x2,64,1.0,1.0,0.0,256,,,NOT_RUN,SM120 GPU unavailable
e0m3_candidate,e0m3_candidate,0x2,0x3,64,1.0,1.0,0.0,384,,,NOT_RUN,SM120 GPU unavailable
e0m3_candidate,e0m3_candidate,0x2,0x4,64,1.0,1.0,0.0,512,,,NOT_RUN,SM120 GPU unavailable
e0m3_candidate,e0m3_candidate,0x2,0x5,64,1.0,1.0,0.0,640,,,NOT_RUN,SM120 GPU unavailable
e0m3_candidate,e0m3_candidate,0x2,0x6,64,1.0,1.0,0.0,768,,,NOT_RUN,SM120 GPU unavailable
e0m3_candidate,e0m3_candidate,0x2,0x7,64,1.0,1.0,0.0,896,,,NOT_RUN,SM120 GPU unavailable
e0m3_candidate,e0m3_candidate,0x2,0x8,64,1.0,1.0,0.0,+0,,,NOT_RUN,SM120 GPU unavailable
e0m3_candidate,e0m3_candidate,0x2,0x9,64,1.0,1.0,0.0,-128,,,NOT_RUN,SM120 GPU unavailable
e0m3_candidate,e0m3_candidate,0x2,0xa,64,1.0,1.0,0.0,-256,,,NOT_RUN,SM120 GPU unavailable
e0m3_candidate,e0m3_candidate,0x2,0xb,64,1.0,1.0,0.0,-384,,,NOT_RUN,SM120 GPU unavailable
e0m3_candidate,e0m3_candidate,0x2,0xc,64,1.0,1.0,0.0,-512,,,NOT_RUN,SM120 GPU unavailable
e0m3_candidate,e0m3_candidate,0x2,0xd,64,1.0,1.0,0.0,-640,,,NOT_RUN,SM120 GPU unavailable
e0m3_candidate,e0m3_candidate,0x2,0xe,64,1.0,1.0,0.0,-768,,,NOT_RUN,SM120 GPU unavailable
e0m3_candidate,e0m3_candidate,0x2,0xf,64,1.0,1.0,0.0,-896,,,NOT_RUN,SM120 GPU unavailable
e0m3_candidate,e0m3_candidate,0x3,0x0,64,1.0,1.0,0.0,+0,,,NOT_RUN,SM120 GPU unavailable
e0m3_candidate,e0m3_candidate,0x3,0x1,64,1.0,1.0,0.0,192,,,NOT_RUN,SM120 GPU unavailable
e0m3_candidate,e0m3_candidate,0x3,0x2,64,1.0,1.0,0.0,384,,,NOT_RUN,SM120 GPU unavailable
e0m3_candidate,e0m3_candidate,0x3,0x3,64,1.0,1.0,0.0,576,,,NOT_RUN,SM120 GPU unavailable
e0m3_candidate,e0m3_candidate,0x3,0x4,64,1.0,1.0,0.0,768,,,NOT_RUN,SM120 GPU unavailable
e0m3_candidate,e0m3_candidate,0x3,0x5,64,1.0,1.0,0.0,960,,,NOT_RUN,SM120 GPU unavailable
e0m3_candidate,e0m3_candidate,0x3,0x6,64,1.0,1.0,0.0,1152,,,NOT_RUN,SM120 GPU unavailable
e0m3_candidate,e0m3_candidate,0x3,0x7,64,1.0,1.0,0.0,1344,,,NOT_RUN,SM120 GPU unavailable
e0m3_candidate,e0m3_candidate,0x3,0x8,64,1.0,1.0,0.0,+0,,,NOT_RUN,SM120 GPU unavailable
e0m3_candidate,e0m3_candidate,0x3,0x9,64,1.0,1.0,0.0,-192,,,NOT_RUN,SM120 GPU unavailable
e0m3_candidate,e0m3_candidate,0x3,0xa,64,1.0,1.0,0.0,-384,,,NOT_RUN,SM120 GPU unavailable
e0m3_candidate,e0m3_candidate,0x3,0xb,64,1.0,1.0,0.0,-576,,,NOT_RUN,SM120 GPU unavailable
e0m3_candidate,e0m3_candidate,0x3,0xc,64,1.0,1.0,0.0,-768,,,NOT_RUN,SM120 GPU unavailable
e0m3_candidate,e0m3_candidate,0x3,0xd,64,1.0,1.0,0.0,-960,,,NOT_RUN,SM120 GPU unavailable
e0m3_candidate,e0m3_candidate,0x3,0xe,64,1.0,1.0,0.0,-1152,,,NOT_RUN,SM120 GPU unavailable
e0m3_candidate,e0m3_candidate,0x3,0xf,64,1.0,1.0,0.0,-1344,,,NOT_RUN,SM120 GPU unavailable
e0m3_candidate,e0m3_candidate,0x4,0x0,64,1.0,1.0,0.0,+0,,,NOT_RUN,SM120 GPU unavailable
e0m3_candidate,e0m3_candidate,0x4,0x1,64,1.0,1.0,0.0,256,,,NOT_RUN,SM120 GPU unavailable
e0m3_candidate,e0m3_candidate,0x4,0x2,64,1.0,1.0,0.0,512,,,NOT_RUN,SM120 GPU unavailable
e0m3_candidate,e0m3_candidate,0x4,0x3,64,1.0,1.0,0.0,768,,,NOT_RUN,SM120 GPU unavailable
e0m3_candidate,e0m3_candidate,0x4,0x4,64,1.0,1.0,0.0,1024,,,NOT_RUN,SM120 GPU unavailable
e0m3_candidate,e0m3_candidate,0x4,0x5,64,1.0,1.0,0.0,1280,,,NOT_RUN,SM120 GPU unavailable
e0m3_candidate,e0m3_candidate,0x4,0x6,64,1.0,1.0,0.0,1536,,,NOT_RUN,SM120 GPU unavailable
e0m3_candidate,e0m3_candidate,0x4,0x7,64,1.0,1.0,0.0,1792,,,NOT_RUN,SM120 GPU unavailable
e0m3_candidate,e0m3_candidate,0x4,0x8,64,1.0,1.0,0.0,+0,,,NOT_RUN,SM120 GPU unavailable
e0m3_candidate,e0m3_candidate,0x4,0x9,64,1.0,1.0,0.0,-256,,,NOT_RUN,SM120 GPU unavailable
e0m3_candidate,e0m3_candidate,0x4,0xa,64,1.0,1.0,0.0,-512,,,NOT_RUN,SM120 GPU unavailable
e0m3_candidate,e0m3_candidate,0x4,0xb,64,1.0,1.0,0.0,-768,,,NOT_RUN,SM120 GPU unavailable
e0m3_candidate,e0m3_candidate,0x4,0xc,64,1.0,1.0,0.0,-1024,,,NOT_RUN,SM120 GPU unavailable
e0m3_candidate,e0m3_candidate,0x4,0xd,64,1.0,1.0,0.0,-1280,,,NOT_RUN,SM120 GPU unavailable
e0m3_candidate,e0m3_candidate,0x4,0xe,64,1.0,1.0,0.0,-1536,,,NOT_RUN,SM120 GPU unavailable
e0m3_candidate,e0m3_candidate,0x4,0xf,64,1.0,1.0,0.0,-1792,,,NOT_RUN,SM120 GPU unavailable
e0m3_candidate,e0m3_candidate,0x5,0x0,64,1.0,1.0,0.0,+0,,,NOT_RUN,SM120 GPU unavailable
e0m3_candidate,e0m3_candidate,0x5,0x1,64,1.0,1.0,0.0,320,,,NOT_RUN,SM120 GPU unavailable
e0m3_candidate,e0m3_candidate,0x5,0x2,64,1.0,1.0,0.0,640,,,NOT_RUN,SM120 GPU unavailable
e0m3_candidate,e0m3_candidate,0x5,0x3,64,1.0,1.0,0.0,960,,,NOT_RUN,SM120 GPU unavailable
e0m3_candidate,e0m3_candidate,0x5,0x4,64,1.0,1.0,0.0,1280,,,NOT_RUN,SM120 GPU unavailable
e0m3_candidate,e0m3_candidate,0x5,0x5,64,1.0,1.0,0.0,1600,,,NOT_RUN,SM120 GPU unavailable
e0m3_candidate,e0m3_candidate,0x5,0x6,64,1.0,1.0,0.0,1920,,,NOT_RUN,SM120 GPU unavailable
e0m3_candidate,e0m3_candidate,0x5,0x7,64,1.0,1.0,0.0,2240,,,NOT_RUN,SM120 GPU unavailable
e0m3_candidate,e0m3_candidate,0x5,0x8,64,1.0,1.0,0.0,+0,,,NOT_RUN,SM120 GPU unavailable
e0m3_candidate,e0m3_candidate,0x5,0x9,64,1.0,1.0,0.0,-320,,,NOT_RUN,SM120 GPU unavailable
e0m3_candidate,e0m3_candidate,0x5,0xa,64,1.0,1.0,0.0,-640,,,NOT_RUN,SM120 GPU unavailable
e0m3_candidate,e0m3_candidate,0x5,0xb,64,1.0,1.0,0.0,-960,,,NOT_RUN,SM120 GPU unavailable
e0m3_candidate,e0m3_candidate,0x5,0xc,64,1.0,1.0,0.0,-1280,,,NOT_RUN,SM120 GPU unavailable
e0m3_candidate,e0m3_candidate,0x5,0xd,64,1.0,1.0,0.0,-1600,,,NOT_RUN,SM120 GPU unavailable
e0m3_candidate,e0m3_candidate,0x5,0xe,64,1.0,1.0,0.0,-1920,,,NOT_RUN,SM120 GPU unavailable
e0m3_candidate,e0m3_candidate,0x5,0xf,64,1.0,1.0,0.0,-2240,,,NOT_RUN,SM120 GPU unavailable
e0m3_candidate,e0m3_candidate,0x6,0x0,64,1.0,1.0,0.0,+0,,,NOT_RUN,SM120 GPU unavailable
e0m3_candidate,e0m3_candidate,0x6,0x1,64,1.0,1.0,0.0,384,,,NOT_RUN,SM120 GPU unavailable
e0m3_candidate,e0m3_candidate,0x6,0x2,64,1.0,1.0,0.0,768,,,NOT_RUN,SM120 GPU unavailable
e0m3_candidate,e0m3_candidate,0x6,0x3,64,1.0,1.0,0.0,1152,,,NOT_RUN,SM120 GPU unavailable
e0m3_candidate,e0m3_candidate,0x6,0x4,64,1.0,1.0,0.0,1536,,,NOT_RUN,SM120 GPU unavailable
e0m3_candidate,e0m3_candidate,0x6,0x5,64,1.0,1.0,0.0,1920,,,NOT_RUN,SM120 GPU unavailable
e0m3_candidate,e0m3_candidate,0x6,0x6,64,1.0,1.0,0.0,2304,,,NOT_RUN,SM120 GPU unavailable
e0m3_candidate,e0m3_candidate,0x6,0x7,64,1.0,1.0,0.0,2688,,,NOT_RUN,SM120 GPU unavailable
e0m3_candidate,e0m3_candidate,0x6,0x8,64,1.0,1.0,0.0,+0,,,NOT_RUN,SM120 GPU unavailable
e0m3_candidate,e0m3_candidate,0x6,0x9,64,1.0,1.0,0.0,-384,,,NOT_RUN,SM120 GPU unavailable
e0m3_candidate,e0m3_candidate,0x6,0xa,64,1.0,1.0,0.0,-768,,,NOT_RUN,SM120 GPU unavailable
e0m3_candidate,e0m3_candidate,0x6,0xb,64,1.0,1.0,0.0,-1152,,,NOT_RUN,SM120 GPU unavailable
e0m3_candidate,e0m3_candidate,0x6,0xc,64,1.0,1.0,0.0,-1536,,,NOT_RUN,SM120 GPU unavailable
e0m3_candidate,e0m3_candidate,0x6,0xd,64,1.0,1.0,0.0,-1920,,,NOT_RUN,SM120 GPU unavailable
e0m3_candidate,e0m3_candidate,0x6,0xe,64,1.0,1.0,0.0,-2304,,,NOT_RUN,SM120 GPU unavailable
e0m3_candidate,e0m3_candidate,0x6,0xf,64,1.0,1.0,0.0,-2688,,,NOT_RUN,SM120 GPU unavailable
e0m3_candidate,e0m3_candidate,0x7,0x0,64,1.0,1.0,0.0,+0,,,NOT_RUN,SM120 GPU unavailable
e0m3_candidate,e0m3_candidate,0x7,0x1,64,1.0,1.0,0.0,448,,,NOT_RUN,SM120 GPU unavailable
e0m3_candidate,e0m3_candidate,0x7,0x2,64,1.0,1.0,0.0,896,,,NOT_RUN,SM120 GPU unavailable
e0m3_candidate,e0m3_candidate,0x7,0x3,64,1.0,1.0,0.0,1344,,,NOT_RUN,SM120 GPU unavailable
e0m3_candidate,e0m3_candidate,0x7,0x4,64,1.0,1.0,0.0,1792,,,NOT_RUN,SM120 GPU unavailable
e0m3_candidate,e0m3_candidate,0x7,0x5,64,1.0,1.0,0.0,2240,,,NOT_RUN,SM120 GPU unavailable
e0m3_candidate,e0m3_candidate,0x7,0x6,64,1.0,1.0,0.0,2688,,,NOT_RUN,SM120 GPU unavailable
e0m3_candidate,e0m3_candidate,0x7,0x7,64,1.0,1.0,0.0,3136,,,NOT_RUN,SM120 GPU unavailable
e0m3_candidate,e0m3_candidate,0x7,0x8,64,1.0,1.0,0.0,+0,,,NOT_RUN,SM120 GPU unavailable
e0m3_candidate,e0m3_candidate,0x7,0x9,64,1.0,1.0,0.0,-448,,,NOT_RUN,SM120 GPU unavailable
e0m3_candidate,e0m3_candidate,0x7,0xa,64,1.0,1.0,0.0,-896,,,NOT_RUN,SM120 GPU unavailable
e0m3_candidate,e0m3_candidate,0x7,0xb,64,1.0,1.0,0.0,-1344,,,NOT_RUN,SM120 GPU unavailable
e0m3_candidate,e0m3_candidate,0x7,0xc,64,1.0,1.0,0.0,-1792,,,NOT_RUN,SM120 GPU unavailable
e0m3_candidate,e0m3_candidate,0x7,0xd,64,1.0,1.0,0.0,-2240,,,NOT_RUN,SM120 GPU unavailable
e0m3_candidate,e0m3_candidate,0x7,0xe,64,1.0,1.0,0.0,-2688,,,NOT_RUN,SM120 GPU unavailable
e0m3_candidate,e0m3_candidate,0x7,0xf,64,1.0,1.0,0.0,-3136,,,NOT_RUN,SM120 GPU unavailable
e0m3_candidate,e0m3_candidate,0x8,0x0,64,1.0,1.0,0.0,+0,,,NOT_RUN,SM120 GPU unavailable
e0m3_candidate,e0m3_candidate,0x8,0x1,64,1.0,1.0,0.0,+0,,,NOT_RUN,SM120 GPU unavailable
e0m3_candidate,e0m3_candidate,0x8,0x2,64,1.0,1.0,0.0,+0,,,NOT_RUN,SM120 GPU unavailable
e0m3_candidate,e0m3_candidate,0x8,0x3,64,1.0,1.0,0.0,+0,,,NOT_RUN,SM120 GPU unavailable
e0m3_candidate,e0m3_candidate,0x8,0x4,64,1.0,1.0,0.0,+0,,,NOT_RUN,SM120 GPU unavailable
e0m3_candidate,e0m3_candidate,0x8,0x5,64,1.0,1.0,0.0,+0,,,NOT_RUN,SM120 GPU unavailable
e0m3_candidate,e0m3_candidate,0x8,0x6,64,1.0,1.0,0.0,+0,,,NOT_RUN,SM120 GPU unavailable
e0m3_candidate,e0m3_candidate,0x8,0x7,64,1.0,1.0,0.0,+0,,,NOT_RUN,SM120 GPU unavailable
e0m3_candidate,e0m3_candidate,0x8,0x8,64,1.0,1.0,0.0,+0,,,NOT_RUN,SM120 GPU unavailable
e0m3_candidate,e0m3_candidate,0x8,0x9,64,1.0,1.0,0.0,+0,,,NOT_RUN,SM120 GPU unavailable
e0m3_candidate,e0m3_candidate,0x8,0xa,64,1.0,1.0,0.0,+0,,,NOT_RUN,SM120 GPU unavailable
e0m3_candidate,e0m3_candidate,0x8,0xb,64,1.0,1.0,0.0,+0,,,NOT_RUN,SM120 GPU unavailable
e0m3_candidate,e0m3_candidate,0x8,0xc,64,1.0,1.0,0.0,+0,,,NOT_RUN,SM120 GPU unavailable
e0m3_candidate,e0m3_candidate,0x8,0xd,64,1.0,1.0,0.0,+0,,,NOT_RUN,SM120 GPU unavailable
e0m3_candidate,e0m3_candidate,0x8,0xe,64,1.0,1.0,0.0,+0,,,NOT_RUN,SM120 GPU unavailable
e0m3_candidate,e0m3_candidate,0x8,0xf,64,1.0,1.0,0.0,+0,,,NOT_RUN,SM120 GPU unavailable
e0m3_candidate,e0m3_candidate,0x9,0x0,64,1.0,1.0,0.0,+0,,,NOT_RUN,SM120 GPU unavailable
e0m3_candidate,e0m3_candidate,0x9,0x1,64,1.0,1.0,0.0,-64,,,NOT_RUN,SM120 GPU unavailable
e0m3_candidate,e0m3_candidate,0x9,0x2,64,1.0,1.0,0.0,-128,,,NOT_RUN,SM120 GPU unavailable
e0m3_candidate,e0m3_candidate,0x9,0x3,64,1.0,1.0,0.0,-192,,,NOT_RUN,SM120 GPU unavailable
e0m3_candidate,e0m3_candidate,0x9,0x4,64,1.0,1.0,0.0,-256,,,NOT_RUN,SM120 GPU unavailable
e0m3_candidate,e0m3_candidate,0x9,0x5,64,1.0,1.0,0.0,-320,,,NOT_RUN,SM120 GPU unavailable
e0m3_candidate,e0m3_candidate,0x9,0x6,64,1.0,1.0,0.0,-384,,,NOT_RUN,SM120 GPU unavailable
e0m3_candidate,e0m3_candidate,0x9,0x7,64,1.0,1.0,0.0,-448,,,NOT_RUN,SM120 GPU unavailable
e0m3_candidate,e0m3_candidate,0x9,0x8,64,1.0,1.0,0.0,+0,,,NOT_RUN,SM120 GPU unavailable
e0m3_candidate,e0m3_candidate,0x9,0x9,64,1.0,1.0,0.0,64,,,NOT_RUN,SM120 GPU unavailable
e0m3_candidate,e0m3_candidate,0x9,0xa,64,1.0,1.0,0.0,128,,,NOT_RUN,SM120 GPU unavailable
e0m3_candidate,e0m3_candidate,0x9,0xb,64,1.0,1.0,0.0,192,,,NOT_RUN,SM120 GPU unavailable
e0m3_candidate,e0m3_candidate,0x9,0xc,64,1.0,1.0,0.0,256,,,NOT_RUN,SM120 GPU unavailable
e0m3_candidate,e0m3_candidate,0x9,0xd,64,1.0,1.0,0.0,320,,,NOT_RUN,SM120 GPU unavailable
e0m3_candidate,e0m3_candidate,0x9,0xe,64,1.0,1.0,0.0,384,,,NOT_RUN,SM120 GPU unavailable
e0m3_candidate,e0m3_candidate,0x9,0xf,64,1.0,1.0,0.0,448,,,NOT_RUN,SM120 GPU unavailable
e0m3_candidate,e0m3_candidate,0xa,0x0,64,1.0,1.0,0.0,+0,,,NOT_RUN,SM120 GPU unavailable
e0m3_candidate,e0m3_candidate,0xa,0x1,64,1.0,1.0,0.0,-128,,,NOT_RUN,SM120 GPU unavailable
e0m3_candidate,e0m3_candidate,0xa,0x2,64,1.0,1.0,0.0,-256,,,NOT_RUN,SM120 GPU unavailable
e0m3_candidate,e0m3_candidate,0xa,0x3,64,1.0,1.0,0.0,-384,,,NOT_RUN,SM120 GPU unavailable
e0m3_candidate,e0m3_candidate,0xa,0x4,64,1.0,1.0,0.0,-512,,,NOT_RUN,SM120 GPU unavailable
e0m3_candidate,e0m3_candidate,0xa,0x5,64,1.0,1.0,0.0,-640,,,NOT_RUN,SM120 GPU unavailable
e0m3_candidate,e0m3_candidate,0xa,0x6,64,1.0,1.0,0.0,-768,,,NOT_RUN,SM120 GPU unavailable
e0m3_candidate,e0m3_candidate,0xa,0x7,64,1.0,1.0,0.0,-896,,,NOT_RUN,SM120 GPU unavailable
e0m3_candidate,e0m3_candidate,0xa,0x8,64,1.0,1.0,0.0,+0,,,NOT_RUN,SM120 GPU unavailable
e0m3_candidate,e0m3_candidate,0xa,0x9,64,1.0,1.0,0.0,128,,,NOT_RUN,SM120 GPU unavailable
e0m3_candidate,e0m3_candidate,0xa,0xa,64,1.0,1.0,0.0,256,,,NOT_RUN,SM120 GPU unavailable
e0m3_candidate,e0m3_candidate,0xa,0xb,64,1.0,1.0,0.0,384,,,NOT_RUN,SM120 GPU unavailable
e0m3_candidate,e0m3_candidate,0xa,0xc,64,1.0,1.0,0.0,512,,,NOT_RUN,SM120 GPU unavailable
e0m3_candidate,e0m3_candidate,0xa,0xd,64,1.0,1.0,0.0,640,,,NOT_RUN,SM120 GPU unavailable
e0m3_candidate,e0m3_candidate,0xa,0xe,64,1.0,1.0,0.0,768,,,NOT_RUN,SM120 GPU unavailable
e0m3_candidate,e0m3_candidate,0xa,0xf,64,1.0,1.0,0.0,896,,,NOT_RUN,SM120 GPU unavailable
e0m3_candidate,e0m3_candidate,0xb,0x0,64,1.0,1.0,0.0,+0,,,NOT_RUN,SM120 GPU unavailable
e0m3_candidate,e0m3_candidate,0xb,0x1,64,1.0,1.0,0.0,-192,,,NOT_RUN,SM120 GPU unavailable
e0m3_candidate,e0m3_candidate,0xb,0x2,64,1.0,1.0,0.0,-384,,,NOT_RUN,SM120 GPU unavailable
e0m3_candidate,e0m3_candidate,0xb,0x3,64,1.0,1.0,0.0,-576,,,NOT_RUN,SM120 GPU unavailable
e0m3_candidate,e0m3_candidate,0xb,0x4,64,1.0,1.0,0.0,-768,,,NOT_RUN,SM120 GPU unavailable
e0m3_candidate,e0m3_candidate,0xb,0x5,64,1.0,1.0,0.0,-960,,,NOT_RUN,SM120 GPU unavailable
e0m3_candidate,e0m3_candidate,0xb,0x6,64,1.0,1.0,0.0,-1152,,,NOT_RUN,SM120 GPU unavailable
e0m3_candidate,e0m3_candidate,0xb,0x7,64,1.0,1.0,0.0,-1344,,,NOT_RUN,SM120 GPU unavailable
e0m3_candidate,e0m3_candidate,0xb,0x8,64,1.0,1.0,0.0,+0,,,NOT_RUN,SM120 GPU unavailable
e0m3_candidate,e0m3_candidate,0xb,0x9,64,1.0,1.0,0.0,192,,,NOT_RUN,SM120 GPU unavailable
e0m3_candidate,e0m3_candidate,0xb,0xa,64,1.0,1.0,0.0,384,,,NOT_RUN,SM120 GPU unavailable
e0m3_candidate,e0m3_candidate,0xb,0xb,64,1.0,1.0,0.0,576,,,NOT_RUN,SM120 GPU unavailable
e0m3_candidate,e0m3_candidate,0xb,0xc,64,1.0,1.0,0.0,768,,,NOT_RUN,SM120 GPU unavailable
e0m3_candidate,e0m3_candidate,0xb,0xd,64,1.0,1.0,0.0,960,,,NOT_RUN,SM120 GPU unavailable
e0m3_candidate,e0m3_candidate,0xb,0xe,64,1.0,1.0,0.0,1152,,,NOT_RUN,SM120 GPU unavailable
e0m3_candidate,e0m3_candidate,0xb,0xf,64,1.0,1.0,0.0,1344,,,NOT_RUN,SM120 GPU unavailable
e0m3_candidate,e0m3_candidate,0xc,0x0,64,1.0,1.0,0.0,+0,,,NOT_RUN,SM120 GPU unavailable
e0m3_candidate,e0m3_candidate,0xc,0x1,64,1.0,1.0,0.0,-256,,,NOT_RUN,SM120 GPU unavailable
e0m3_candidate,e0m3_candidate,0xc,0x2,64,1.0,1.0,0.0,-512,,,NOT_RUN,SM120 GPU unavailable
e0m3_candidate,e0m3_candidate,0xc,0x3,64,1.0,1.0,0.0,-768,,,NOT_RUN,SM120 GPU unavailable
e0m3_candidate,e0m3_candidate,0xc,0x4,64,1.0,1.0,0.0,-1024,,,NOT_RUN,SM120 GPU unavailable
e0m3_candidate,e0m3_candidate,0xc,0x5,64,1.0,1.0,0.0,-1280,,,NOT_RUN,SM120 GPU unavailable
e0m3_candidate,e0m3_candidate,0xc,0x6,64,1.0,1.0,0.0,-1536,,,NOT_RUN,SM120 GPU unavailable
e0m3_candidate,e0m3_candidate,0xc,0x7,64,1.0,1.0,0.0,-1792,,,NOT_RUN,SM120 GPU unavailable
e0m3_candidate,e0m3_candidate,0xc,0x8,64,1.0,1.0,0.0,+0,,,NOT_RUN,SM120 GPU unavailable
e0m3_candidate,e0m3_candidate,0xc,0x9,64,1.0,1.0,0.0,256,,,NOT_RUN,SM120 GPU unavailable
e0m3_candidate,e0m3_candidate,0xc,0xa,64,1.0,1.0,0.0,512,,,NOT_RUN,SM120 GPU unavailable
e0m3_candidate,e0m3_candidate,0xc,0xb,64,1.0,1.0,0.0,768,,,NOT_RUN,SM120 GPU unavailable
e0m3_candidate,e0m3_candidate,0xc,0xc,64,1.0,1.0,0.0,1024,,,NOT_RUN,SM120 GPU unavailable
e0m3_candidate,e0m3_candidate,0xc,0xd,64,1.0,1.0,0.0,1280,,,NOT_RUN,SM120 GPU unavailable
e0m3_candidate,e0m3_candidate,0xc,0xe,64,1.0,1.0,0.0,1536,,,NOT_RUN,SM120 GPU unavailable
e0m3_candidate,e0m3_candidate,0xc,0xf,64,1.0,1.0,0.0,1792,,,NOT_RUN,SM120 GPU unavailable
e0m3_candidate,e0m3_candidate,0xd,0x0,64,1.0,1.0,0.0,+0,,,NOT_RUN,SM120 GPU unavailable
e0m3_candidate,e0m3_candidate,0xd,0x1,64,1.0,1.0,0.0,-320,,,NOT_RUN,SM120 GPU unavailable
e0m3_candidate,e0m3_candidate,0xd,0x2,64,1.0,1.0,0.0,-640,,,NOT_RUN,SM120 GPU unavailable
e0m3_candidate,e0m3_candidate,0xd,0x3,64,1.0,1.0,0.0,-960,,,NOT_RUN,SM120 GPU unavailable
e0m3_candidate,e0m3_candidate,0xd,0x4,64,1.0,1.0,0.0,-1280,,,NOT_RUN,SM120 GPU unavailable
e0m3_candidate,e0m3_candidate,0xd,0x5,64,1.0,1.0,0.0,-1600,,,NOT_RUN,SM120 GPU unavailable
e0m3_candidate,e0m3_candidate,0xd,0x6,64,1.0,1.0,0.0,-1920,,,NOT_RUN,SM120 GPU unavailable
e0m3_candidate,e0m3_candidate,0xd,0x7,64,1.0,1.0,0.0,-2240,,,NOT_RUN,SM120 GPU unavailable
e0m3_candidate,e0m3_candidate,0xd,0x8,64,1.0,1.0,0.0,+0,,,NOT_RUN,SM120 GPU unavailable
e0m3_candidate,e0m3_candidate,0xd,0x9,64,1.0,1.0,0.0,320,,,NOT_RUN,SM120 GPU unavailable
e0m3_candidate,e0m3_candidate,0xd,0xa,64,1.0,1.0,0.0,640,,,NOT_RUN,SM120 GPU unavailable
e0m3_candidate,e0m3_candidate,0xd,0xb,64,1.0,1.0,0.0,960,,,NOT_RUN,SM120 GPU unavailable
e0m3_candidate,e0m3_candidate,0xd,0xc,64,1.0,1.0,0.0,1280,,,NOT_RUN,SM120 GPU unavailable
e0m3_candidate,e0m3_candidate,0xd,0xd,64,1.0,1.0,0.0,1600,,,NOT_RUN,SM120 GPU unavailable
e0m3_candidate,e0m3_candidate,0xd,0xe,64,1.0,1.0,0.0,1920,,,NOT_RUN,SM120 GPU unavailable
e0m3_candidate,e0m3_candidate,0xd,0xf,64,1.0,1.0,0.0,2240,,,NOT_RUN,SM120 GPU unavailable
e0m3_candidate,e0m3_candidate,0xe,0x0,64,1.0,1.0,0.0,+0,,,NOT_RUN,SM120 GPU unavailable
e0m3_candidate,e0m3_candidate,0xe,0x1,64,1.0,1.0,0.0,-384,,,NOT_RUN,SM120 GPU unavailable
e0m3_candidate,e0m3_candidate,0xe,0x2,64,1.0,1.0,0.0,-768,,,NOT_RUN,SM120 GPU unavailable
e0m3_candidate,e0m3_candidate,0xe,0x3,64,1.0,1.0,0.0,-1152,,,NOT_RUN,SM120 GPU unavailable
e0m3_candidate,e0m3_candidate,0xe,0x4,64,1.0,1.0,0.0,-1536,,,NOT_RUN,SM120 GPU unavailable
e0m3_candidate,e0m3_candidate,0xe,0x5,64,1.0,1.0,0.0,-1920,,,NOT_RUN,SM120 GPU unavailable
e0m3_candidate,e0m3_candidate,0xe,0x6,64,1.0,1.0,0.0,-2304,,,NOT_RUN,SM120 GPU unavailable
e0m3_candidate,e0m3_candidate,0xe,0x7,64,1.0,1.0,0.0,-2688,,,NOT_RUN,SM120 GPU unavailable
e0m3_candidate,e0m3_candidate,0xe,0x8,64,1.0,1.0,0.0,+0,,,NOT_RUN,SM120 GPU unavailable
e0m3_candidate,e0m3_candidate,0xe,0x9,64,1.0,1.0,0.0,384,,,NOT_RUN,SM120 GPU unavailable
e0m3_candidate,e0m3_candidate,0xe,0xa,64,1.0,1.0,0.0,768,,,NOT_RUN,SM120 GPU unavailable
e0m3_candidate,e0m3_candidate,0xe,0xb,64,1.0,1.0,0.0,1152,,,NOT_RUN,SM120 GPU unavailable
e0m3_candidate,e0m3_candidate,0xe,0xc,64,1.0,1.0,0.0,1536,,,NOT_RUN,SM120 GPU unavailable
e0m3_candidate,e0m3_candidate,0xe,0xd,64,1.0,1.0,0.0,1920,,,NOT_RUN,SM120 GPU unavailable
e0m3_candidate,e0m3_candidate,0xe,0xe,64,1.0,1.0,0.0,2304,,,NOT_RUN,SM120 GPU unavailable
e0m3_candidate,e0m3_candidate,0xe,0xf,64,1.0,1.0,0.0,2688,,,NOT_RUN,SM120 GPU unavailable
e0m3_candidate,e0m3_candidate,0xf,0x0,64,1.0,1.0,0.0,+0,,,NOT_RUN,SM120 GPU unavailable
e0m3_candidate,e0m3_candidate,0xf,0x1,64,1.0,1.0,0.0,-448,,,NOT_RUN,SM120 GPU unavailable
e0m3_candidate,e0m3_candidate,0xf,0x2,64,1.0,1.0,0.0,-896,,,NOT_RUN,SM120 GPU unavailable
e0m3_candidate,e0m3_candidate,0xf,0x3,64,1.0,1.0,0.0,-1344,,,NOT_RUN,SM120 GPU unavailable
e0m3_candidate,e0m3_candidate,0xf,0x4,64,1.0,1.0,0.0,-1792,,,NOT_RUN,SM120 GPU unavailable
e0m3_candidate,e0m3_candidate,0xf,0x5,64,1.0,1.0,0.0,-2240,,,NOT_RUN,SM120 GPU unavailable
e0m3_candidate,e0m3_candidate,0xf,0x6,64,1.0,1.0,0.0,-2688,,,NOT_RUN,SM120 GPU unavailable
e0m3_candidate,e0m3_candidate,0xf,0x7,64,1.0,1.0,0.0,-3136,,,NOT_RUN,SM120 GPU unavailable
e0m3_candidate,e0m3_candidate,0xf,0x8,64,1.0,1.0,0.0,+0,,,NOT_RUN,SM120 GPU unavailable
e0m3_candidate,e0m3_candidate,0xf,0x9,64,1.0,1.0,0.0,448,,,NOT_RUN,SM120 GPU unavailable
e0m3_candidate,e0m3_candidate,0xf,0xa,64,1.0,1.0,0.0,896,,,NOT_RUN,SM120 GPU unavailable
e0m3_candidate,e0m3_candidate,0xf,0xb,64,1.0,1.0,0.0,1344,,,NOT_RUN,SM120 GPU unavailable
e0m3_candidate,e0m3_candidate,0xf,0xc,64,1.0,1.0,0.0,1792,,,NOT_RUN,SM120 GPU unavailable
e0m3_candidate,e0m3_candidate,0xf,0xd,64,1.0,1.0,0.0,2240,,,NOT_RUN,SM120 GPU unavailable
e0m3_candidate,e0m3_candidate,0xf,0xe,64,1.0,1.0,0.0,2688,,,NOT_RUN,SM120 GPU unavailable
e0m3_candidate,e0m3_candidate,0xf,0xf,64,1.0,1.0,0.0,3136,,,NOT_RUN,SM120 GPU unavailable
